{"stats":{"minecraft:killed_by":{"born_in_chaos_v1:baby_skeleton_minion":1,"born_in_chaos_v1:nightmare_stalker":19,"iceandfire:cyclops":3,"minecraft:stray":1,"minecraft:spider":1,"born_in_chaos_v1:dark_vortex":1,"alexsmobs:bison":2,"born_in_chaos_v1:decrepit_skeleton":2,"minecraft:cave_spider":3,"iceandfire:ice_dragon":2,"minecraft:zombie":3,"born_in_chaos_v1:supreme_bonescaller_stage_2":1,"born_in_chaos_v1:dread_hound":4,"born_in_chaos_v1:maggot":1,"iceandfire:fire_dragon":3,"minecraft:vex":7},"minecraft:broken":{"minecraft:stone_sword":1,"minecraft:leather_chestplate":1,"minecraft:stone_pickaxe":1,"minecraft:stone_axe":2,"minecraft:wooden_hoe":1},"minecraft:picked_up":{"luminousworld:groundpebbles_1":14,"minecraft:crafting_table":10,"minecraft:wheat":207,"minecraft:smithing_table":1,"minecraft:chicken":2,"minecraft:flower_pot":1,"born_in_chaos_v1:seedof_chaos":15,"minecraft:stone_slab":1,"minecraft:oak_stairs":2,"minecraft:stone_brick_wall":2,"gravestone:obituary":17,"minecraft:chain":5,"minecraft:oak_trapdoor":1,"minecraft:cornflower":1,"minecraft:string":49,"minecraft:armor_stand":3,"born_in_chaos_v1:intoxicating_decoction":2,"minecraft:blue_orchid":1,"minecraft:beetroot":1,"minecraft:spruce_planks":37,"minecraft:beef":18,"minecraft:poppy":1,"minecraft:light_gray_wool":2,"minecraft:spruce_slab":1,"minecraft:enchanted_golden_apple":1,"minecraft:coal_block":8,"minecraft:chest":4,"minecraft:birch_sapling":1,"minecraft:egg":1,"minecraft:furnace":4,"minecraft:tipped_arrow":14,"minecraft:stick":3,"born_in_chaos_v1:shattered_skull":5,"minecraft:oak_door":1,"minecraft:torch":8,"minecraft:spruce_stairs":6,"minecraft:spruce_fence":6,"minecraft:porkchop":16,"minecraft:white_dye":2,"born_in_chaos_v1:pieceofdarkmetal":7,"minecraft:carrot":25,"minecraft:redstone":2,"minecraft:tnt":15,"iceandfire:silver_ingot":2,"minecraft:arrow":36,"minecraft:weeping_vines":2,"minecraft:rotten_flesh":57,"minecraft:beetroot_seeds":4,"minecraft:hay_block":113,"minecraft:gold_ingot":24,"minecraft:mutton":31,"minecraft:cobblestone":60,"minecraft:white_wool":15,"minecraft:skeleton_skull":1,"minecraft:oxeye_daisy":1,"minecraft:sponge":2,"minecraft:stripped_oak_log":2,"minecraft:birch_log":15,"born_in_chaos_v1:corpse_maggot":7,"minecraft:feather":4,"minecraft:clock":1,"minecraft:cooked_beef":10,"minecraft:lilac":2,"born_in_chaos_v1:spiritual_dust":4,"minecraft:brown_wool":1,"minecraft:leather":15,"minecraft:smoker":3,"minecraft:potato":28,"minecraft:birch_planks":57,"alexsmobs:bison_fur":2,"minecraft:flint":1,"minecraft:oak_log":17,"minecraft:yellow_bed":9,"minecraft:cobblestone_stairs":4,"minecraft:lapis_lazuli":1,"minecraft:dirt":53,"minecraft:lantern":1,"born_in_chaos_v1:monster_skin":2,"minecraft:cooked_mutton":5,"minecraft:bone":85,"minecraft:apple":29,"minecraft:wheat_seeds":469,"minecraft:stone_pickaxe":2,"born_in_chaos_v1:smoked_flesh":10,"minecraft:iron_ingot":58,"minecraft:cooked_chicken":1,"born_in_chaos_v1:spiritual_sword":1,"minecraft:mossy_stone_bricks":1,"minecraft:oak_planks":13,"naturalist:cooked_venison":4,"luminousworld:bass_item":1,"minecraft:cooked_porkchop":15,"minecraft:sweet_berries":49,"born_in_chaos_v1:orbofthe_summoner":1,"born_in_chaos_v1:ethereal_spirit":11,"minecraft:dandelion":1,"minecraft:gravel":1,"born_in_chaos_v1:dark_rod":1,"minecraft:sand":13,"minecraft:stripped_spruce_log":2,"minecraft:spruce_sapling":1,"minecraft:blast_furnace":2,"minecraft:white_bed":1,"minecraft:spruce_log":14,"minecraft:spider_eye":10,"minecraft:mossy_cobblestone":1,"waystones:waystone":1,"minecraft:iron_helmet":2,"minecraft:spruce_sign":2,"minecraft:bread":197,"minecraft:oak_sapling":2,"minecraft:coal":55,"iceandfire:raw_silver":6},"minecraft:dropped":{"minecraft:spruce_sign":1,"minecraft:bread":17,"minecraft:spruce_stairs":6,"minecraft:oxeye_daisy":1,"minecraft:dirt":13,"iceandfire:silver_sword":1,"born_in_chaos_v1:spiritual_sword":2,"gravestone:obituary":31,"minecraft:oak_stairs":2,"minecraft:string":1,"minecraft:bone":2,"minecraft:stone_sword":1,"born_in_chaos_v1:ethereal_spirit":11,"minecraft:rotten_flesh":5,"minecraft:oak_planks":7,"minecraft:enchanted_golden_apple":1,"minecraft:stripped_oak_log":2,"minecraft:light_gray_carpet":1,"minecraft:cooked_mutton":6,"minecraft:white_bed":1,"minecraft:spruce_fence":6,"minecraft:flower_pot":1,"luminousworld:groundpebbles_1":1,"minecraft:spruce_planks":1,"minecraft:chest":2,"minecraft:yellow_bed":2,"minecraft:spruce_slab":1,"minecraft:wooden_pickaxe":1,"minecraft:stone_pickaxe":3},"minecraft:killed":{"minecraft:vex":1,"minecraft:cave_spider":21,"born_in_chaos_v1:restless_spirit":4,"born_in_chaos_v1:door_knight_not_despawn":1,"minecraft:spider":11,"born_in_chaos_v1:baby_skeleton_minion":1,"born_in_chaos_v1:maggot":5,"minecraft:horse":1,"luminousworld:bass_fish":1,"alexsmobs:bison":1,"minecraft:drowned":1,"born_in_chaos_v1:supreme_bonescaller_stage_2":1,"born_in_chaos_v1:fallen_chaos_knight":1,"minecraft:pig":6,"born_in_chaos_v1:bone_imp_minion":2,"iceandfire:cyclops":2,"naturalist:bluejay":1,"born_in_chaos_v1:decrepit_skeleton":13,"minecraft:sheep":11,"minecraft:zombie":15,"born_in_chaos_v1:corpse_fly":1,"born_in_chaos_v1:dark_vortex":2,"minecraft:stray":5,"minecraft:cow":5},"minecraft:used":{"minecraft:stone_sword":172,"iceandfire:silver_sword":559,"born_in_chaos_v1:ethereal_spirit":5,"minecraft:chest":9,"minecraft:shield":39,"minecraft:cooked_chicken":1,"minecraft:torch":24,"minecraft:dirt":23,"minecraft:lantern":1,"minecraft:bow":46,"minecraft:sweet_berries":25,"minecraft:furnace":5,"minecraft:egg":1,"minecraft:cooked_beef":5,"minecraft:wheat_seeds":101,"minecraft:birch_planks":22,"minecraft:stone_pickaxe":137,"minecraft:spruce_sign":1,"minecraft:wooden_pickaxe":38,"minecraft:crafting_table":10,"minecraft:blast_furnace":1,"minecraft:white_bed":1,"minecraft:stone_brick_wall":2,"minecraft:smoker":4,"born_in_chaos_v1:spiritual_sword":332,"minecraft:wooden_hoe":64,"minecraft:bread":47,"minecraft:gravel":1,"minecraft:stone_axe":255,"minecraft:cobblestone":2,"travelersbackpack:standard":3,"minecraft:smithing_table":1,"minecraft:yellow_bed":7,"alexsmobs:animal_dictionary":3},"minecraft:mined":{"minecraft:large_amethyst_bud":1,"luminousworld:groundpebbles_1":2,"minecraft:red_carpet":1,"minecraft:white_bed":1,"iceandfire:silver_ore":6,"minecraft:mossy_cobblestone":1,"minecraft:cobblestone_stairs":4,"gravestone:gravestone":66,"minecraft:stone_brick_wall":1,"minecraft:grass_block":8,"minecraft:weeping_vines":2,"minecraft:spruce_leaves":10,"minecraft:spawner":3,"minecraft:large_fern":4,"minecraft:hay_block":82,"minecraft:weeping_vines_plant":2,"minecraft:furnace":4,"minecraft:carrots":4,"minecraft:fire":6,"minecraft:stripped_spruce_log":2,"minecraft:peony":1,"minecraft:dirt_path":1,"minecraft:potatoes":5,"minecraft:small_amethyst_bud":1,"minecraft:blue_orchid":1,"minecraft:stone":57,"minecraft:smithing_table":1,"minecraft:spruce_slab":1,"minecraft:tripwire":1,"minecraft:medium_amethyst_bud":2,"minecraft:potted_lily_of_the_valley":1,"minecraft:smoker":3,"minecraft:crafting_table":9,"iceandfire:dragon_ice_spikes":35,"minecraft:cornflower":1,"minecraft:torch":5,"minecraft:blast_furnace":2,"minecraft:sponge":2,"minecraft:poppy":1,"minecraft:chest":3,"minecraft:stone_slab":1,"minecraft:cobblestone":2,"minecraft:tall_grass":3,"minecraft:oak_planks":4,"minecraft:chain":2,"minecraft:birch_planks":2,"minecraft:birch_log":14,"minecraft:wheat":193,"minecraft:sweet_berry_bush":21,"minecraft:spruce_log":15,"minecraft:birch_leaves":27,"minecraft:tnt":15,"minecraft:yellow_bed":8,"minecraft:grass":43,"minecraft:coal_ore":11,"minecraft:oak_log":1,"minecraft:beetroots":2,"minecraft:gravel":2,"minecraft:sand":13,"minecraft:dirt":20,"minecraft:cobweb":21,"minecraft:mossy_stone_bricks":1,"minecraft:oak_leaves":5,"minecraft:fern":7},"minecraft:custom":{"minecraft:interact_with_smithing_table":1,"minecraft:mob_kills":153,"minecraft:interact_with_crafting_table":66,"minecraft:open_barrel":10,"minecraft:bell_ring":2,"minecraft:damage_dealt_resisted":771,"minecraft:leave_game":7,"minecraft:time_since_death":1696,"minecraft:climb_one_cm":3077,"minecraft:sprint_one_cm":575768,"minecraft:walk_one_cm":770378,"minecraft:damage_blocked_by_shield":2006,"minecraft:drop":94,"minecraft:talked_to_villager":5,"minecraft:sneak_time":4208,"minecraft:play_time":249452,"minecraft:deaths":55,"minecraft:walk_under_water_one_cm":9803,"minecraft:jump":6209,"minecraft:interact_with_blast_furnace":3,"minecraft:walk_on_water_one_cm":11608,"minecraft:total_world_time":249452,"minecraft:interact_with_furnace":15,"minecraft:sleep_in_bed":10,"minecraft:time_since_rest":1724,"minecraft:waystone_activated":2,"minecraft:damage_taken":16460,"minecraft:damage_dealt":23982,"minecraft:fly_one_cm":1141370,"minecraft:swim_one_cm":6032,"minecraft:open_chest":155,"minecraft:crouch_one_cm":4470,"minecraft:interact_with_smoker":12,"minecraft:fall_one_cm":159054},"minecraft:crafted":{"minecraft:oak_planks":48,"minecraft:cooked_chicken":1,"minecraft:furnace":2,"born_in_chaos_v1:spiritual_sword":2,"minecraft:cooked_mutton":6,"minecraft:glass":13,"minecraft:bow":1,"born_in_chaos_v1:bone_handle":2,"minecraft:stone_pickaxe":2,"minecraft:chest":4,"minecraft:smoker":1,"minecraft:wheat":459,"iceandfire:silver_ingot":6,"minecraft:crafting_table":4,"minecraft:spruce_planks":48,"travelersbackpack:standard":1,"travelersbackpack:backpack_tank":2,"minecraft:wooden_pickaxe":1,"minecraft:hay_block":3,"minecraft:birch_planks":56,"minecraft:stone_axe":3,"minecraft:bread":199,"minecraft:air":0,"minecraft:wooden_hoe":1,"minecraft:shield":1,"minecraft:stick":64,"minecraft:stone_sword":2,"minecraft:white_bed":1,"minecraft:torch":20,"iceandfire:silver_sword":3}},"DataVersion":3465}