{"stats":{"minecraft:picked_up":{"minecraft:spruce_log":6,"minecraft:dirt":5,"minecraft:cobblestone":13,"minecraft:egg":1},"minecraft:used":{"minecraft:dirt":5,"minecraft:crafting_table":1,"alexsmobs:animal_dictionary":1,"minecraft:wooden_pickaxe":14,"minecraft:egg":1},"minecraft:mined":{"minecraft:grass_block":1,"minecraft:dirt":4,"minecraft:stone":14,"minecraft:spruce_leaves":3,"minecraft:spruce_log":7},"minecraft:custom":{"minecraft:time_since_rest":7761,"minecraft:play_time":7761,"minecraft:sprint_one_cm":4552,"minecraft:damage_taken":10,"minecraft:walk_one_cm":12324,"minecraft:jump":41,"minecraft:time_since_death":7761,"minecraft:leave_game":2,"minecraft:total_world_time":7761,"minecraft:interact_with_crafting_table":4,"minecraft:fall_one_cm":418,"minecraft:fly_one_cm":4300},"minecraft:crafted":{"minecraft:stone_sword":1,"minecraft:crafting_table":1,"minecraft:spruce_planks":24,"minecraft:stick":4,"minecraft:wooden_pickaxe":1}},"DataVersion":3465}