{"stats":{"minecraft:killed_by":{"born_in_chaos_v1:dark_vortex":1,"born_in_chaos_v1:dread_hound":1},"minecraft:broken":{"minecraft:stone_axe":1,"minecraft:wooden_hoe":1},"minecraft:dropped":{"minecraft:stone_sword":1,"born_in_chaos_v1:ethereal_spirit":1,"minecraft:cooked_mutton":6,"minecraft:yellow_bed":2,"minecraft:stone_pickaxe":2},"minecraft:picked_up":{"minecraft:birch_log":14,"luminousworld:groundpebbles_1":1,"minecraft:crafting_table":5,"minecraft:wheat":77,"minecraft:lilac":2,"minecraft:feather":2,"minecraft:cooked_beef":3,"minecraft:chicken":1,"minecraft:leather":1,"minecraft:smoker":1,"minecraft:potato":5,"minecraft:stone_brick_wall":2,"minecraft:chain":2,"minecraft:yellow_bed":4,"minecraft:cobblestone_stairs":4,"minecraft:lantern":1,"minecraft:cornflower":1,"minecraft:dirt":5,"minecraft:lapis_lazuli":1,"minecraft:string":2,"minecraft:bone":2,"minecraft:beetroot":1,"minecraft:wheat_seeds":191,"minecraft:iron_ingot":1,"minecraft:spruce_planks":21,"minecraft:stone_pickaxe":1,"minecraft:beef":4,"minecraft:spruce_slab":1,"minecraft:mossy_stone_bricks":1,"minecraft:light_gray_wool":1,"minecraft:chest":1,"minecraft:birch_sapling":1,"minecraft:egg":1,"minecraft:furnace":1,"minecraft:stick":3,"minecraft:cooked_porkchop":5,"minecraft:sweet_berries":49,"minecraft:dandelion":1,"born_in_chaos_v1:ethereal_spirit":4,"minecraft:white_dye":2,"minecraft:porkchop":5,"minecraft:stripped_spruce_log":1,"minecraft:spruce_sapling":1,"minecraft:carrot":6,"minecraft:redstone":2,"minecraft:spruce_log":14,"minecraft:spider_eye":1,"minecraft:mossy_cobblestone":1,"minecraft:tnt":15,"minecraft:rotten_flesh":9,"minecraft:beetroot_seeds":4,"minecraft:hay_block":51,"minecraft:gold_ingot":1,"iceandfire:raw_silver":2,"minecraft:mutton":6,"minecraft:coal":32,"minecraft:white_wool":4,"minecraft:cobblestone":24},"minecraft:killed":{"minecraft:pig":2,"born_in_chaos_v1:restless_spirit":3,"born_in_chaos_v1:door_knight_not_despawn":1,"minecraft:spider":2,"born_in_chaos_v1:decrepit_skeleton":2,"born_in_chaos_v1:maggot":1,"minecraft:sheep":5,"minecraft:zombie":2,"born_in_chaos_v1:dark_vortex":1,"minecraft:cow":2},"minecraft:mined":{"iceandfire:silver_ore":2,"minecraft:mossy_cobblestone":1,"minecraft:smoker":1,"minecraft:cobblestone_stairs":4,"minecraft:crafting_table":5,"minecraft:cornflower":1,"gravestone:gravestone":2,"minecraft:stone_brick_wall":1,"minecraft:grass_block":1,"minecraft:poppy":1,"minecraft:chest":1,"minecraft:cobblestone":2,"minecraft:tall_grass":2,"minecraft:spruce_leaves":9,"minecraft:large_fern":2,"minecraft:hay_block":51,"minecraft:furnace":1,"minecraft:carrots":4,"minecraft:birch_log":14,"minecraft:wheat":84,"minecraft:sweet_berry_bush":21,"minecraft:stripped_spruce_log":1,"minecraft:spruce_log":15,"minecraft:birch_leaves":27,"minecraft:tnt":15,"minecraft:yellow_bed":2,"minecraft:peony":1,"minecraft:grass":2,"minecraft:potatoes":5,"minecraft:coal_ore":7,"minecraft:beetroots":2,"minecraft:dirt":4,"minecraft:stone":21,"minecraft:spruce_slab":1,"minecraft:mossy_stone_bricks":1,"minecraft:oak_leaves":4,"minecraft:fern":1},"minecraft:used":{"minecraft:stone_sword":139,"minecraft:birch_planks":5,"born_in_chaos_v1:ethereal_spirit":5,"minecraft:stone_pickaxe":29,"minecraft:chest":2,"minecraft:wooden_pickaxe":14,"minecraft:dirt":5,"minecraft:crafting_table":6,"minecraft:stone_brick_wall":2,"minecraft:smoker":1,"minecraft:wooden_hoe":64,"minecraft:lantern":1,"minecraft:bread":3,"minecraft:stone_axe":173,"minecraft:cobblestone":2,"minecraft:sweet_berries":25,"minecraft:furnace":1,"alexsmobs:animal_dictionary":3,"minecraft:egg":1,"minecraft:cooked_beef":3},"minecraft:custom":{"minecraft:interact_with_furnace":3,"minecraft:mob_kills":21,"minecraft:interact_with_crafting_table":14,"minecraft:open_barrel":7,"minecraft:damage_dealt_resisted":437,"minecraft:leave_game":3,"minecraft:time_since_death":37646,"minecraft:sleep_in_bed":1,"minecraft:climb_one_cm":2413,"minecraft:time_since_rest":23313,"minecraft:sprint_one_cm":93580,"minecraft:damage_taken":986,"minecraft:walk_one_cm":228166,"minecraft:drop":12,"minecraft:damage_dealt":3445,"minecraft:fly_one_cm":83949,"minecraft:open_chest":8,"minecraft:crouch_one_cm":1281,"minecraft:play_time":55320,"minecraft:deaths":2,"minecraft:sneak_time":650,"minecraft:jump":987,"minecraft:walk_on_water_one_cm":685,"minecraft:total_world_time":55320,"minecraft:interact_with_smoker":5,"minecraft:fall_one_cm":22202},"minecraft:crafted":{"minecraft:crafting_table":1,"minecraft:spruce_planks":40,"minecraft:wooden_pickaxe":1,"minecraft:furnace":1,"minecraft:birch_planks":56,"minecraft:stone_axe":1,"minecraft:cooked_mutton":6,"minecraft:bread":73,"minecraft:air":0,"minecraft:wooden_hoe":1,"minecraft:shield":1,"minecraft:stick":12,"minecraft:stone_pickaxe":1,"minecraft:stone_sword":2,"minecraft:chest":1,"minecraft:smoker":1,"minecraft:wheat":288}},"DataVersion":3465}