{"stats":{"minecraft:used":{"minecraft:poppy":1,"minecraft:chest":11,"minecraft:shield":46,"minecraft:lantern":1,"minecraft:bow":46,"minecraft:sweet_berries":25,"minecraft:furnace":7,"minecraft:egg":1,"minecraft:stone_pickaxe":523,"minecraft:wooden_pickaxe":55,"minecraft:blast_furnace":2,"minecraft:stone_brick_wall":2,"iceandfire:silver_axe":73,"born_in_chaos_v1:spiritual_sword":332,"minecraft:bread":62,"minecraft:string":1,"minecraft:gravel":14,"minecraft:smithing_table":1,"minecraft:andesite":19,"minecraft:stone_sword":172,"iceandfire:silver_sword":701,"born_in_chaos_v1:ethereal_spirit":5,"minecraft:spruce_planks":4,"minecraft:wooden_shovel":4,"minecraft:cooked_chicken":1,"minecraft:torch":89,"minecraft:dirt":26,"minecraft:cooked_beef":5,"minecraft:wheat_seeds":101,"minecraft:cooked_mutton":1,"minecraft:water_bucket":4,"minecraft:birch_planks":22,"minecraft:spruce_sign":1,"luminousworld:yellow_grassflowers":1,"minecraft:crafting_table":11,"minecraft:white_bed":2,"minecraft:smoker":4,"minecraft:wooden_hoe":64,"minecraft:stone_axe":270,"minecraft:cobblestone":47,"travelersbackpack:standard":17,"minecraft:bucket":6,"minecraft:yellow_bed":8,"alexsmobs:animal_dictionary":3},"minecraft:mined":{"minecraft:large_amethyst_bud":1,"minecraft:white_bed":1,"minecraft:cobblestone_stairs":4,"minecraft:grass_block":11,"minecraft:stone_brick_wall":1,"minecraft:spawner":3,"minecraft:weeping_vines_plant":2,"minecraft:iron_ore":8,"minecraft:fire":6,"minecraft:dirt_path":2,"minecraft:small_amethyst_bud":1,"minecraft:blue_orchid":1,"minecraft:spruce_slab":1,"minecraft:tripwire":2,"minecraft:smoker":3,"minecraft:medium_amethyst_bud":2,"iceandfire:dragon_ice_spikes":35,"minecraft:torch":10,"minecraft:blast_furnace":2,"minecraft:poppy":1,"minecraft:chest":3,"minecraft:cobblestone":5,"minecraft:oak_planks":4,"minecraft:wall_torch":1,"minecraft:chain":2,"minecraft:birch_log":25,"minecraft:wheat":193,"minecraft:tnt":15,"minecraft:grass":98,"minecraft:oak_log":19,"minecraft:beetroots":2,"minecraft:sand":13,"minecraft:dirt":27,"luminousworld:grassvariant_3":5,"minecraft:oak_leaves":10,"luminousworld:groundpebbles_1":2,"minecraft:red_carpet":1,"iceandfire:silver_ore":12,"minecraft:mossy_cobblestone":1,"gravestone:gravestone":76,"minecraft:weeping_vines":2,"luminousworld:grassvariant_2":2,"minecraft:spruce_leaves":14,"minecraft:large_fern":4,"minecraft:hay_block":82,"luminousworld:sunset_petunias":1,"minecraft:carrots":4,"minecraft:furnace":4,"luminousworld:yellow_grassflowers":1,"minecraft:andesite":145,"minecraft:stripped_spruce_log":2,"minecraft:peony":1,"minecraft:potatoes":5,"minecraft:stone":219,"minecraft:smithing_table":1,"minecraft:potted_lily_of_the_valley":1,"minecraft:crafting_table":9,"minecraft:cornflower":2,"minecraft:sponge":2,"minecraft:stone_slab":2,"luminousworld:grassflowers":1,"minecraft:tall_grass":35,"minecraft:birch_planks":2,"minecraft:sweet_berry_bush":21,"minecraft:spruce_log":16,"minecraft:birch_leaves":38,"minecraft:yellow_bed":8,"minecraft:coal_ore":79,"minecraft:gravel":10,"minecraft:cobweb":21,"minecraft:mossy_stone_bricks":1,"minecraft:fern":7},"minecraft:broken":{"iceandfire:silver_sword":1,"minecraft:stone_pickaxe":4,"minecraft:stone_axe":2,"minecraft:stone_sword":1,"minecraft:leather_chestplate":1,"minecraft:wooden_hoe":1},"minecraft:killed_by":{"iceandfire:cyclops":3,"born_in_chaos_v1:nightmare_stalker":20,"minecraft:cave_spider":3,"iceandfire:ice_dragon":2,"minecraft:witch":1,"minecraft:zombie":3,"born_in_chaos_v1:supreme_bonescaller_stage_2":1,"orcz:orcsavageweird":3,"iceandfire:fire_dragon":3,"minecraft:vex":7,"born_in_chaos_v1:baby_skeleton_minion":1,"minecraft:stray":1,"orcz:weirdboinecro":2,"minecraft:spider":2,"born_in_chaos_v1:dark_vortex":1,"alexsmobs:bison":2,"born_in_chaos_v1:decrepit_skeleton":2,"born_in_chaos_v1:dread_hound":5,"born_in_chaos_v1:maggot":1},"minecraft:killed":{"minecraft:cave_spider":21,"born_in_chaos_v1:restless_spirit":4,"born_in_chaos_v1:door_knight_not_despawn":1,"minecraft:spider":12,"born_in_chaos_v1:baby_skeleton_minion":1,"luminousworld:bass_fish":1,"orcz:squig":2,"born_in_chaos_v1:supreme_bonescaller_stage_2":1,"minecraft:pig":6,"orcz:goblinsavagemace":1,"minecraft:sheep":11,"minecraft:zombie":15,"born_in_chaos_v1:dread_hound":1,"born_in_chaos_v1:corpse_fly":3,"minecraft:stray":5,"minecraft:cow":5,"minecraft:vex":1,"born_in_chaos_v1:maggot":5,"minecraft:horse":1,"minecraft:drowned":1,"alexsmobs:bison":1,"born_in_chaos_v1:fallen_chaos_knight":1,"born_in_chaos_v1:bone_imp_minion":2,"iceandfire:cyclops":2,"naturalist:bluejay":1,"born_in_chaos_v1:decrepit_skeleton":13,"born_in_chaos_v1:dark_vortex":2,"naturalist:canary":1},"minecraft:picked_up":{"minecraft:wheat":207,"minecraft:flower_pot":1,"minecraft:smithing_table":1,"minecraft:stone_slab":2,"minecraft:oak_stairs":2,"minecraft:string":53,"minecraft:armor_stand":3,"minecraft:beetroot":1,"minecraft:spruce_planks":37,"minecraft:enchanted_golden_apple":1,"minecraft:coal_block":8,"minecraft:furnace":4,"minecraft:tipped_arrow":14,"minecraft:stick":4,"born_in_chaos_v1:shattered_skull":5,"minecraft:torch":15,"minecraft:spruce_stairs":6,"minecraft:porkchop":16,"luminousworld:grassflowers":1,"minecraft:rotten_flesh":58,"luminousworld:yellow_grassflowers":1,"minecraft:cobblestone":224,"minecraft:sponge":2,"minecraft:birch_log":26,"minecraft:cooked_beef":10,"minecraft:feather":7,"minecraft:lilac":2,"born_in_chaos_v1:spiritual_dust":4,"minecraft:andesite":133,"minecraft:brown_wool":1,"minecraft:smoker":3,"minecraft:potato":28,"alexsmobs:bison_fur":2,"minecraft:flint":2,"minecraft:dirt":71,"minecraft:lapis_lazuli":1,"minecraft:lantern":1,"born_in_chaos_v1:monster_skin":2,"minecraft:bone":85,"minecraft:wheat_seeds":481,"minecraft:mossy_stone_bricks":1,"minecraft:oak_planks":13,"luminousworld:bass_item":1,"minecraft:cooked_porkchop":15,"orcz:blue_orcshroom":1,"minecraft:sand":13,"minecraft:stripped_spruce_log":2,"minecraft:mossy_cobblestone":1,"waystones:waystone":1,"minecraft:spruce_sign":2,"minecraft:bread":197,"minecraft:oak_sapling":2,"iceandfire:raw_silver":12,"luminousworld:groundpebbles_1":14,"minecraft:crafting_table":10,"minecraft:chicken":2,"born_in_chaos_v1:seedof_chaos":15,"minecraft:stone_brick_wall":2,"minecraft:chain":5,"gravestone:obituary":19,"minecraft:cornflower":2,"minecraft:oak_trapdoor":1,"born_in_chaos_v1:intoxicating_decoction":2,"minecraft:blue_orchid":1,"minecraft:beef":18,"born_in_chaos_v1:gnawed_bones":1,"minecraft:poppy":2,"minecraft:spruce_slab":1,"minecraft:light_gray_wool":2,"minecraft:chest":4,"minecraft:birch_sapling":2,"minecraft:egg":1,"minecraft:raw_iron":10,"minecraft:oak_door":1,"minecraft:spruce_fence":6,"minecraft:white_dye":2,"born_in_chaos_v1:pieceofdarkmetal":7,"minecraft:carrot":25,"minecraft:redstone":2,"minecraft:tnt":15,"iceandfire:silver_ingot":2,"minecraft:arrow":36,"minecraft:weeping_vines":2,"minecraft:beetroot_seeds":4,"minecraft:hay_block":113,"minecraft:gold_ingot":24,"minecraft:mutton":31,"minecraft:skeleton_skull":1,"minecraft:white_wool":15,"minecraft:oxeye_daisy":1,"minecraft:stripped_oak_log":2,"born_in_chaos_v1:corpse_maggot":12,"minecraft:clock":1,"minecraft:leather":15,"minecraft:birch_planks":57,"minecraft:oak_log":34,"minecraft:yellow_bed":9,"minecraft:cobblestone_stairs":4,"minecraft:cooked_mutton":5,"minecraft:apple":29,"born_in_chaos_v1:smoked_flesh":10,"minecraft:iron_ingot":58,"minecraft:stone_pickaxe":2,"minecraft:cooked_chicken":1,"born_in_chaos_v1:spiritual_sword":1,"naturalist:cooked_venison":4,"minecraft:sweet_berries":49,"born_in_chaos_v1:orbofthe_summoner":1,"born_in_chaos_v1:ethereal_spirit":12,"minecraft:dandelion":1,"luminousworld:sunset_petunias":1,"minecraft:gravel":14,"born_in_chaos_v1:dark_rod":1,"minecraft:spruce_sapling":1,"minecraft:blast_furnace":2,"minecraft:white_bed":1,"minecraft:spruce_log":20,"minecraft:spider_eye":10,"minecraft:iron_helmet":2,"minecraft:coal":126},"minecraft:crafted":{"minecraft:oak_planks":76,"minecraft:cooked_chicken":1,"minecraft:cooked_mutton":22,"minecraft:glass":13,"minecraft:bow":1,"minecraft:chest":6,"minecraft:smoker":1,"iceandfire:silver_axe":1,"minecraft:wooden_shovel":1,"minecraft:cooked_porkchop":8,"minecraft:crafting_table":4,"minecraft:spruce_planks":76,"minecraft:wooden_pickaxe":2,"minecraft:iron_helmet":1,"travelersbackpack:standard":1,"minecraft:hay_block":3,"minecraft:birch_planks":56,"minecraft:wooden_hoe":1,"minecraft:shield":1,"minecraft:stick":108,"minecraft:stone_sword":2,"iceandfire:silver_sword":4,"minecraft:wooden_sword":1,"minecraft:furnace":4,"born_in_chaos_v1:spiritual_sword":2,"born_in_chaos_v1:bone_handle":2,"minecraft:stone_pickaxe":7,"minecraft:wheat":459,"iceandfire:silver_ingot":12,"travelersbackpack:backpack_tank":2,"minecraft:bone":6,"minecraft:stone_axe":3,"minecraft:bread":199,"minecraft:air":0,"minecraft:white_wool":3,"minecraft:white_bed":2,"minecraft:torch":128},"minecraft:dropped":{"minecraft:spruce_sign":1,"minecraft:dirt":13,"born_in_chaos_v1:spiritual_sword":2,"gravestone:obituary":37,"minecraft:bone":2,"minecraft:stone_axe":1,"born_in_chaos_v1:ethereal_spirit":11,"minecraft:rotten_flesh":5,"minecraft:oak_planks":7,"minecraft:enchanted_golden_apple":1,"minecraft:light_gray_carpet":1,"minecraft:cooked_mutton":6,"minecraft:white_bed":1,"minecraft:chest":2,"minecraft:spruce_slab":1,"minecraft:bread":17,"minecraft:wheat_seeds":3,"minecraft:feather":1,"minecraft:spruce_stairs":6,"minecraft:oxeye_daisy":1,"minecraft:torch":32,"iceandfire:silver_sword":1,"minecraft:oak_stairs":2,"minecraft:string":1,"minecraft:stone_sword":1,"minecraft:stripped_oak_log":2,"minecraft:spruce_fence":6,"minecraft:hay_block":34,"minecraft:flower_pot":1,"minecraft:spruce_planks":1,"luminousworld:groundpebbles_1":1,"minecraft:yellow_bed":2,"minecraft:stone_pickaxe":3,"minecraft:wooden_pickaxe":1},"minecraft:custom":{"minecraft:interact_with_crafting_table":87,"minecraft:open_barrel":10,"minecraft:bell_ring":2,"minecraft:leave_game":10,"minecraft:time_since_death":1756,"minecraft:sprint_one_cm":688878,"minecraft:damage_blocked_by_shield":2323,"minecraft:drop":171,"minecraft:talked_to_villager":6,"minecraft:play_time":335041,"minecraft:deaths":64,"minecraft:jump":7861,"minecraft:walk_on_water_one_cm":20224,"minecraft:interact_with_furnace":38,"minecraft:sleep_in_bed":15,"minecraft:waystone_activated":2,"minecraft:damage_dealt":25950,"minecraft:player_kills":1,"minecraft:crouch_one_cm":6637,"minecraft:interact_with_smoker":12,"minecraft:interact_with_smithing_table":1,"minecraft:mob_kills":162,"minecraft:damage_dealt_resisted":817,"minecraft:climb_one_cm":3447,"minecraft:walk_one_cm":951727,"minecraft:sneak_time":5202,"minecraft:walk_under_water_one_cm":19076,"minecraft:interact_with_blast_furnace":5,"minecraft:total_world_time":335041,"minecraft:time_since_rest":1781,"minecraft:damage_taken":19750,"minecraft:swim_one_cm":9638,"minecraft:fly_one_cm":1316612,"minecraft:open_chest":181,"minecraft:fall_one_cm":199133}},"DataVersion":3465}