{"stats":{"minecraft:killed":{"minecraft:vex":1,"minecraft:cave_spider":21,"born_in_chaos_v1:restless_spirit":4,"born_in_chaos_v1:door_knight_not_despawn":1,"minecraft:spider":11,"born_in_chaos_v1:baby_skeleton_minion":1,"born_in_chaos_v1:maggot":5,"minecraft:horse":1,"luminousworld:bass_fish":1,"alexsmobs:bison":1,"minecraft:drowned":1,"born_in_chaos_v1:supreme_bonescaller_stage_2":1,"born_in_chaos_v1:fallen_chaos_knight":1,"minecraft:pig":6,"born_in_chaos_v1:bone_imp_minion":2,"iceandfire:cyclops":2,"naturalist:bluejay":1,"born_in_chaos_v1:decrepit_skeleton":13,"minecraft:sheep":11,"minecraft:zombie":15,"born_in_chaos_v1:corpse_fly":1,"born_in_chaos_v1:dark_vortex":2,"minecraft:stray":5,"naturalist:canary":1,"minecraft:cow":5},"minecraft:used":{"iceandfire:silver_sword":640,"minecraft:stone_sword":172,"born_in_chaos_v1:ethereal_spirit":5,"minecraft:chest":9,"minecraft:spruce_planks":4,"minecraft:shield":39,"minecraft:wooden_shovel":3,"minecraft:cooked_chicken":1,"minecraft:torch":30,"minecraft:dirt":26,"minecraft:lantern":1,"minecraft:bow":46,"minecraft:sweet_berries":25,"minecraft:furnace":5,"minecraft:egg":1,"minecraft:cooked_beef":5,"minecraft:wheat_seeds":101,"minecraft:birch_planks":22,"minecraft:stone_pickaxe":388,"minecraft:wooden_pickaxe":55,"minecraft:spruce_sign":1,"minecraft:crafting_table":10,"minecraft:blast_furnace":1,"minecraft:white_bed":1,"minecraft:stone_brick_wall":2,"minecraft:smoker":4,"born_in_chaos_v1:spiritual_sword":332,"minecraft:wooden_hoe":64,"minecraft:bread":51,"minecraft:gravel":1,"minecraft:stone_axe":270,"minecraft:cobblestone":2,"travelersbackpack:standard":9,"minecraft:smithing_table":1,"minecraft:yellow_bed":7,"alexsmobs:animal_dictionary":3},"minecraft:broken":{"minecraft:stone_sword":1,"iceandfire:silver_sword":1,"minecraft:leather_chestplate":1,"minecraft:stone_pickaxe":2,"minecraft:stone_axe":2,"minecraft:wooden_hoe":1},"minecraft:picked_up":{"luminousworld:groundpebbles_1":14,"minecraft:wheat":207,"minecraft:crafting_table":10,"minecraft:chicken":2,"minecraft:flower_pot":1,"born_in_chaos_v1:seedof_chaos":15,"minecraft:stone_slab":1,"minecraft:smithing_table":1,"minecraft:oak_stairs":2,"minecraft:stone_brick_wall":2,"gravestone:obituary":17,"minecraft:chain":5,"minecraft:cornflower":2,"minecraft:string":50,"minecraft:oak_trapdoor":1,"minecraft:armor_stand":3,"born_in_chaos_v1:intoxicating_decoction":2,"minecraft:blue_orchid":1,"minecraft:beetroot":1,"minecraft:spruce_planks":37,"minecraft:beef":18,"minecraft:poppy":2,"minecraft:light_gray_wool":2,"minecraft:spruce_slab":1,"minecraft:enchanted_golden_apple":1,"minecraft:coal_block":8,"minecraft:chest":4,"minecraft:birch_sapling":1,"minecraft:egg":1,"minecraft:furnace":4,"minecraft:tipped_arrow":14,"minecraft:stick":3,"born_in_chaos_v1:shattered_skull":5,"minecraft:oak_door":1,"minecraft:torch":9,"minecraft:spruce_stairs":6,"minecraft:spruce_fence":6,"minecraft:porkchop":16,"minecraft:white_dye":2,"born_in_chaos_v1:pieceofdarkmetal":7,"minecraft:carrot":25,"minecraft:redstone":2,"luminousworld:grassflowers":1,"minecraft:tnt":15,"minecraft:weeping_vines":2,"minecraft:arrow":36,"iceandfire:silver_ingot":2,"minecraft:rotten_flesh":58,"minecraft:beetroot_seeds":4,"minecraft:hay_block":113,"minecraft:gold_ingot":24,"minecraft:oxeye_daisy":1,"minecraft:birch_log":15,"minecraft:mutton":31,"minecraft:cobblestone":187,"minecraft:white_wool":15,"minecraft:skeleton_skull":1,"minecraft:stripped_oak_log":2,"minecraft:sponge":2,"born_in_chaos_v1:corpse_maggot":10,"minecraft:feather":5,"minecraft:lilac":2,"minecraft:clock":1,"minecraft:cooked_beef":10,"born_in_chaos_v1:spiritual_dust":4,"minecraft:andesite":108,"minecraft:brown_wool":1,"minecraft:leather":15,"minecraft:smoker":3,"minecraft:potato":28,"alexsmobs:bison_fur":2,"minecraft:birch_planks":57,"minecraft:flint":1,"minecraft:oak_log":19,"minecraft:yellow_bed":9,"minecraft:cobblestone_stairs":4,"minecraft:lapis_lazuli":1,"minecraft:dirt":69,"minecraft:lantern":1,"born_in_chaos_v1:monster_skin":2,"minecraft:cooked_mutton":5,"minecraft:bone":85,"minecraft:apple":29,"minecraft:wheat_seeds":481,"minecraft:stone_pickaxe":2,"minecraft:iron_ingot":58,"born_in_chaos_v1:smoked_flesh":10,"minecraft:cooked_chicken":1,"minecraft:mossy_stone_bricks":1,"born_in_chaos_v1:spiritual_sword":1,"minecraft:oak_planks":13,"naturalist:cooked_venison":4,"luminousworld:bass_item":1,"minecraft:cooked_porkchop":15,"minecraft:sweet_berries":49,"born_in_chaos_v1:orbofthe_summoner":1,"born_in_chaos_v1:ethereal_spirit":11,"minecraft:dandelion":1,"minecraft:gravel":1,"luminousworld:sunset_petunias":1,"minecraft:sand":13,"born_in_chaos_v1:dark_rod":1,"minecraft:stripped_spruce_log":2,"minecraft:spruce_sapling":1,"minecraft:blast_furnace":2,"minecraft:white_bed":1,"minecraft:spruce_log":20,"minecraft:spider_eye":10,"minecraft:mossy_cobblestone":1,"waystones:waystone":1,"minecraft:iron_helmet":2,"minecraft:spruce_sign":2,"minecraft:bread":197,"minecraft:oak_sapling":2,"minecraft:coal":79,"iceandfire:raw_silver":6},"minecraft:dropped":{"minecraft:bread":17,"minecraft:spruce_sign":1,"minecraft:wheat_seeds":3,"minecraft:feather":1,"minecraft:spruce_stairs":6,"minecraft:oxeye_daisy":1,"minecraft:dirt":13,"iceandfire:silver_sword":1,"born_in_chaos_v1:spiritual_sword":2,"gravestone:obituary":33,"minecraft:oak_stairs":2,"minecraft:string":1,"minecraft:bone":2,"minecraft:stone_axe":1,"minecraft:stone_sword":1,"born_in_chaos_v1:ethereal_spirit":11,"minecraft:rotten_flesh":5,"minecraft:oak_planks":7,"minecraft:enchanted_golden_apple":1,"minecraft:stripped_oak_log":2,"minecraft:light_gray_carpet":1,"minecraft:cooked_mutton":6,"minecraft:white_bed":1,"minecraft:spruce_fence":6,"minecraft:flower_pot":1,"luminousworld:groundpebbles_1":1,"minecraft:spruce_planks":1,"minecraft:chest":2,"minecraft:yellow_bed":2,"minecraft:spruce_slab":1,"minecraft:wooden_pickaxe":1,"minecraft:stone_pickaxe":3},"minecraft:crafted":{"minecraft:wooden_sword":1,"minecraft:oak_planks":76,"minecraft:cooked_chicken":1,"minecraft:furnace":2,"born_in_chaos_v1:spiritual_sword":2,"minecraft:cooked_mutton":6,"minecraft:glass":13,"minecraft:bow":1,"born_in_chaos_v1:bone_handle":2,"minecraft:stone_pickaxe":7,"minecraft:chest":4,"minecraft:smoker":1,"minecraft:wheat":459,"minecraft:wooden_shovel":1,"iceandfire:silver_ingot":6,"minecraft:crafting_table":4,"minecraft:spruce_planks":52,"travelersbackpack:standard":1,"travelersbackpack:backpack_tank":2,"minecraft:wooden_pickaxe":2,"minecraft:iron_helmet":1,"minecraft:hay_block":3,"minecraft:birch_planks":56,"minecraft:stone_axe":3,"minecraft:bread":199,"minecraft:air":0,"minecraft:wooden_hoe":1,"minecraft:shield":1,"minecraft:stick":80,"minecraft:stone_sword":2,"minecraft:white_bed":1,"minecraft:torch":24,"iceandfire:silver_sword":3},"minecraft:killed_by":{"born_in_chaos_v1:baby_skeleton_minion":1,"born_in_chaos_v1:nightmare_stalker":20,"iceandfire:cyclops":3,"minecraft:stray":1,"minecraft:spider":2,"born_in_chaos_v1:dark_vortex":1,"alexsmobs:bison":2,"born_in_chaos_v1:decrepit_skeleton":2,"minecraft:cave_spider":3,"iceandfire:ice_dragon":2,"minecraft:zombie":3,"born_in_chaos_v1:supreme_bonescaller_stage_2":1,"born_in_chaos_v1:dread_hound":4,"born_in_chaos_v1:maggot":1,"iceandfire:fire_dragon":3,"minecraft:vex":7},"minecraft:mined":{"minecraft:large_amethyst_bud":1,"luminousworld:groundpebbles_1":2,"minecraft:red_carpet":1,"minecraft:white_bed":1,"iceandfire:silver_ore":6,"minecraft:mossy_cobblestone":1,"minecraft:cobblestone_stairs":4,"gravestone:gravestone":69,"minecraft:stone_brick_wall":1,"minecraft:grass_block":11,"minecraft:weeping_vines":2,"luminousworld:grassvariant_2":2,"minecraft:spruce_leaves":14,"minecraft:spawner":3,"minecraft:large_fern":4,"minecraft:hay_block":82,"minecraft:weeping_vines_plant":2,"luminousworld:sunset_petunias":1,"minecraft:furnace":4,"minecraft:carrots":4,"minecraft:fire":6,"minecraft:andesite":117,"minecraft:stripped_spruce_log":2,"minecraft:peony":1,"minecraft:potatoes":5,"minecraft:dirt_path":2,"minecraft:small_amethyst_bud":1,"minecraft:stone":183,"minecraft:blue_orchid":1,"minecraft:spruce_slab":1,"minecraft:tripwire":1,"minecraft:smithing_table":1,"minecraft:medium_amethyst_bud":2,"minecraft:potted_lily_of_the_valley":1,"minecraft:smoker":3,"minecraft:cornflower":2,"minecraft:crafting_table":9,"iceandfire:dragon_ice_spikes":35,"minecraft:torch":5,"minecraft:blast_furnace":2,"minecraft:sponge":2,"minecraft:poppy":1,"minecraft:chest":3,"minecraft:stone_slab":1,"luminousworld:grassflowers":1,"minecraft:cobblestone":2,"minecraft:tall_grass":35,"minecraft:oak_planks":4,"minecraft:chain":2,"minecraft:birch_planks":2,"minecraft:birch_log":14,"minecraft:wheat":193,"minecraft:sweet_berry_bush":21,"minecraft:spruce_log":16,"minecraft:birch_leaves":29,"minecraft:tnt":15,"minecraft:yellow_bed":8,"minecraft:grass":98,"minecraft:coal_ore":36,"minecraft:oak_log":3,"minecraft:beetroots":2,"minecraft:gravel":2,"minecraft:sand":13,"minecraft:dirt":26,"luminousworld:grassvariant_3":5,"minecraft:cobweb":21,"minecraft:mossy_stone_bricks":1,"minecraft:oak_leaves":10,"minecraft:fern":7},"minecraft:custom":{"minecraft:interact_with_smithing_table":1,"minecraft:mob_kills":154,"minecraft:interact_with_crafting_table":73,"minecraft:open_barrel":10,"minecraft:bell_ring":2,"minecraft:damage_dealt_resisted":771,"minecraft:leave_game":10,"minecraft:time_since_death":18494,"minecraft:climb_one_cm":3173,"minecraft:sprint_one_cm":648746,"minecraft:walk_one_cm":830840,"minecraft:damage_blocked_by_shield":2006,"minecraft:drop":101,"minecraft:talked_to_villager":6,"minecraft:play_time":282449,"minecraft:deaths":57,"minecraft:sneak_time":4341,"minecraft:walk_under_water_one_cm":10280,"minecraft:jump":7066,"minecraft:interact_with_blast_furnace":3,"minecraft:walk_on_water_one_cm":12245,"minecraft:total_world_time":282449,"minecraft:interact_with_furnace":15,"minecraft:sleep_in_bed":11,"minecraft:time_since_rest":11927,"minecraft:waystone_activated":2,"minecraft:damage_taken":17239,"minecraft:damage_dealt":24138,"minecraft:fly_one_cm":1280244,"minecraft:swim_one_cm":9638,"minecraft:player_kills":1,"minecraft:open_chest":168,"minecraft:crouch_one_cm":4564,"minecraft:interact_with_smoker":12,"minecraft:fall_one_cm":177997}},"DataVersion":3465}