{"stats":{"minecraft:killed_by":{"born_in_chaos_v1:dark_vortex":1,"born_in_chaos_v1:dread_hound":1},"minecraft:dropped":{"minecraft:stone_sword":1},"minecraft:picked_up":{"minecraft:stick":1,"minecraft:crafting_table":2,"minecraft:sweet_berries":38,"minecraft:leather":1,"minecraft:porkchop":5,"minecraft:spruce_log":14,"minecraft:dirt":5,"minecraft:spider_eye":1,"minecraft:string":2,"minecraft:bone":2,"minecraft:rotten_flesh":4,"minecraft:beef":4,"minecraft:light_gray_wool":1,"minecraft:mutton":1,"minecraft:coal":9,"iceandfire:raw_silver":2,"minecraft:cobblestone":22,"minecraft:egg":1},"minecraft:killed":{"minecraft:sheep":1,"minecraft:pig":2,"born_in_chaos_v1:dark_vortex":1,"minecraft:spider":1,"minecraft:cow":2,"born_in_chaos_v1:decrepit_skeleton":1},"minecraft:mined":{"iceandfire:silver_ore":2,"minecraft:sweet_berry_bush":16,"minecraft:spruce_log":15,"minecraft:crafting_table":2,"gravestone:gravestone":2,"minecraft:grass_block":1,"minecraft:coal_ore":7,"minecraft:dirt":4,"minecraft:spruce_leaves":8,"minecraft:stone":21},"minecraft:used":{"minecraft:stone_sword":24,"minecraft:stone_pickaxe":17,"minecraft:wooden_pickaxe":14,"minecraft:stone_axe":39,"minecraft:dirt":5,"minecraft:cobblestone":2,"minecraft:sweet_berries":16,"minecraft:crafting_table":2,"alexsmobs:animal_dictionary":1,"minecraft:egg":1},"minecraft:custom":{"minecraft:time_since_rest":2116,"minecraft:sprint_one_cm":27428,"minecraft:damage_taken":581,"minecraft:walk_one_cm":73041,"minecraft:mob_kills":8,"minecraft:drop":1,"minecraft:damage_dealt":1166,"minecraft:interact_with_crafting_table":7,"minecraft:fly_one_cm":31273,"minecraft:crouch_one_cm":345,"minecraft:play_time":19761,"minecraft:deaths":2,"minecraft:sneak_time":332,"minecraft:jump":414,"minecraft:leave_game":2,"minecraft:time_since_death":2087,"minecraft:total_world_time":19761,"minecraft:fall_one_cm":9307},"minecraft:crafted":{"minecraft:crafting_table":1,"minecraft:spruce_planks":24,"minecraft:stick":8,"minecraft:wooden_pickaxe":1,"minecraft:stone_pickaxe":1,"minecraft:stone_sword":2,"minecraft:stone_axe":1}},"DataVersion":3465}