{"stats":{"minecraft:killed_by":{"born_in_chaos_v1:dark_vortex":1,"born_in_chaos_v1:dread_hound":1},"minecraft:dropped":{"minecraft:stone_sword":1,"born_in_chaos_v1:ethereal_spirit":1,"minecraft:cooked_mutton":6,"minecraft:stone_pickaxe":2},"minecraft:picked_up":{"minecraft:birch_log":14,"luminousworld:groundpebbles_1":1,"minecraft:crafting_table":3,"minecraft:wheat":77,"minecraft:lilac":2,"minecraft:feather":2,"minecraft:cooked_beef":3,"minecraft:chicken":1,"minecraft:leather":1,"minecraft:smoker":1,"minecraft:potato":5,"minecraft:stone_brick_wall":2,"minecraft:chain":2,"minecraft:cobblestone_stairs":4,"minecraft:cornflower":1,"minecraft:lapis_lazuli":1,"minecraft:string":2,"minecraft:dirt":5,"minecraft:bone":2,"minecraft:beetroot":1,"minecraft:wheat_seeds":191,"minecraft:spruce_planks":21,"minecraft:stone_pickaxe":1,"minecraft:iron_ingot":1,"minecraft:beef":4,"minecraft:mossy_stone_bricks":1,"minecraft:light_gray_wool":1,"minecraft:chest":1,"minecraft:birch_sapling":1,"minecraft:egg":1,"minecraft:furnace":1,"minecraft:stick":1,"minecraft:cooked_porkchop":5,"minecraft:sweet_berries":49,"born_in_chaos_v1:ethereal_spirit":4,"minecraft:dandelion":1,"minecraft:white_dye":2,"minecraft:porkchop":5,"minecraft:spruce_sapling":1,"minecraft:carrot":6,"minecraft:spruce_log":14,"minecraft:redstone":2,"minecraft:spider_eye":1,"minecraft:mossy_cobblestone":1,"minecraft:tnt":5,"minecraft:rotten_flesh":8,"minecraft:beetroot_seeds":4,"minecraft:gold_ingot":1,"minecraft:cobblestone":24,"iceandfire:raw_silver":2,"minecraft:mutton":6,"minecraft:coal":32,"minecraft:white_wool":4},"minecraft:killed":{"minecraft:pig":2,"born_in_chaos_v1:restless_spirit":3,"born_in_chaos_v1:door_knight_not_despawn":1,"minecraft:spider":1,"born_in_chaos_v1:decrepit_skeleton":1,"born_in_chaos_v1:maggot":1,"minecraft:sheep":5,"minecraft:zombie":2,"born_in_chaos_v1:dark_vortex":1,"minecraft:cow":2},"minecraft:mined":{"iceandfire:silver_ore":2,"minecraft:mossy_cobblestone":1,"minecraft:smoker":1,"minecraft:cobblestone_stairs":4,"minecraft:cornflower":1,"minecraft:crafting_table":3,"gravestone:gravestone":2,"minecraft:stone_brick_wall":1,"minecraft:grass_block":1,"minecraft:poppy":1,"minecraft:chest":1,"minecraft:tall_grass":2,"minecraft:cobblestone":2,"minecraft:spruce_leaves":8,"minecraft:large_fern":2,"minecraft:furnace":1,"minecraft:carrots":4,"minecraft:birch_log":14,"minecraft:wheat":84,"minecraft:sweet_berry_bush":21,"minecraft:spruce_log":15,"minecraft:birch_leaves":13,"minecraft:tnt":5,"minecraft:peony":1,"minecraft:grass":2,"minecraft:potatoes":5,"minecraft:coal_ore":7,"minecraft:beetroots":2,"minecraft:dirt":4,"minecraft:stone":21,"minecraft:mossy_stone_bricks":1,"minecraft:oak_leaves":2,"minecraft:fern":1},"minecraft:used":{"minecraft:stone_sword":104,"born_in_chaos_v1:ethereal_spirit":5,"minecraft:stone_pickaxe":29,"minecraft:chest":2,"minecraft:wooden_pickaxe":14,"minecraft:dirt":5,"minecraft:crafting_table":4,"minecraft:stone_brick_wall":2,"minecraft:smoker":1,"minecraft:stone_axe":160,"minecraft:cobblestone":2,"minecraft:sweet_berries":25,"minecraft:furnace":1,"alexsmobs:animal_dictionary":3,"minecraft:egg":1,"minecraft:cooked_beef":3},"minecraft:custom":{"minecraft:interact_with_furnace":3,"minecraft:mob_kills":19,"minecraft:interact_with_crafting_table":11,"minecraft:open_barrel":6,"minecraft:damage_dealt_resisted":437,"minecraft:leave_game":2,"minecraft:time_since_death":26087,"minecraft:sleep_in_bed":1,"minecraft:climb_one_cm":1209,"minecraft:time_since_rest":11754,"minecraft:sprint_one_cm":62859,"minecraft:damage_taken":906,"minecraft:walk_one_cm":175310,"minecraft:drop":10,"minecraft:damage_dealt":2757,"minecraft:fly_one_cm":62536,"minecraft:open_chest":6,"minecraft:crouch_one_cm":696,"minecraft:play_time":43761,"minecraft:deaths":2,"minecraft:sneak_time":464,"minecraft:jump":798,"minecraft:walk_on_water_one_cm":449,"minecraft:total_world_time":43761,"minecraft:interact_with_smoker":5,"minecraft:fall_one_cm":16341},"minecraft:crafted":{"minecraft:crafting_table":1,"minecraft:spruce_planks":40,"minecraft:wooden_pickaxe":1,"minecraft:furnace":1,"minecraft:stone_axe":1,"minecraft:cooked_mutton":6,"minecraft:air":0,"minecraft:wooden_hoe":1,"minecraft:stick":12,"minecraft:stone_pickaxe":1,"minecraft:stone_sword":2,"minecraft:chest":1,"minecraft:smoker":1}},"DataVersion":3465}