{"stats":{"minecraft:killed_by":{"minecraft:stray":1,"minecraft:spider":1,"born_in_chaos_v1:dark_vortex":1,"born_in_chaos_v1:decrepit_skeleton":2,"minecraft:cave_spider":3,"minecraft:zombie":2,"born_in_chaos_v1:dread_hound":1,"born_in_chaos_v1:maggot":1,"minecraft:vex":6},"minecraft:broken":{"minecraft:stone_sword":1,"minecraft:stone_axe":2,"minecraft:wooden_hoe":1},"minecraft:dropped":{"minecraft:bread":17,"iceandfire:silver_sword":1,"minecraft:stone_sword":1,"born_in_chaos_v1:ethereal_spirit":1,"minecraft:cooked_mutton":6,"minecraft:yellow_bed":2,"minecraft:spruce_slab":1,"minecraft:stone_pickaxe":3,"minecraft:wooden_pickaxe":1},"minecraft:picked_up":{"luminousworld:groundpebbles_1":1,"minecraft:crafting_table":6,"minecraft:wheat":77,"minecraft:chicken":2,"minecraft:stone_slab":1,"minecraft:stone_brick_wall":2,"gravestone:obituary":4,"minecraft:chain":2,"minecraft:cornflower":1,"minecraft:string":40,"minecraft:beetroot":1,"minecraft:spruce_planks":21,"minecraft:beef":4,"minecraft:light_gray_wool":1,"minecraft:spruce_slab":1,"minecraft:chest":1,"minecraft:birch_sapling":1,"minecraft:furnace":3,"minecraft:egg":1,"minecraft:tipped_arrow":10,"minecraft:stick":3,"born_in_chaos_v1:shattered_skull":3,"minecraft:torch":4,"minecraft:porkchop":5,"minecraft:white_dye":2,"minecraft:carrot":6,"minecraft:redstone":2,"minecraft:tnt":15,"minecraft:weeping_vines":2,"minecraft:arrow":7,"minecraft:rotten_flesh":28,"minecraft:beetroot_seeds":4,"minecraft:hay_block":51,"minecraft:gold_ingot":1,"minecraft:mutton":6,"minecraft:cobblestone":57,"minecraft:white_wool":4,"minecraft:birch_log":14,"born_in_chaos_v1:corpse_maggot":2,"minecraft:cooked_beef":3,"minecraft:feather":2,"minecraft:lilac":2,"minecraft:leather":1,"minecraft:smoker":2,"minecraft:potato":6,"minecraft:birch_planks":54,"minecraft:flint":1,"minecraft:yellow_bed":5,"minecraft:cobblestone_stairs":4,"minecraft:lapis_lazuli":1,"minecraft:dirt":12,"minecraft:lantern":1,"minecraft:bone":29,"minecraft:wheat_seeds":192,"minecraft:iron_ingot":1,"minecraft:stone_pickaxe":1,"minecraft:mossy_stone_bricks":1,"minecraft:cooked_porkchop":5,"minecraft:sweet_berries":49,"born_in_chaos_v1:ethereal_spirit":4,"minecraft:dandelion":1,"minecraft:gravel":1,"minecraft:stripped_spruce_log":2,"minecraft:spruce_sapling":1,"minecraft:spruce_log":14,"minecraft:spider_eye":9,"minecraft:mossy_cobblestone":1,"minecraft:coal":55,"iceandfire:raw_silver":6},"minecraft:killed":{"minecraft:vex":1,"minecraft:cave_spider":17,"born_in_chaos_v1:restless_spirit":3,"born_in_chaos_v1:door_knight_not_despawn":1,"minecraft:spider":11,"born_in_chaos_v1:maggot":5,"minecraft:drowned":1,"minecraft:pig":2,"born_in_chaos_v1:decrepit_skeleton":12,"minecraft:sheep":5,"minecraft:zombie":13,"minecraft:stray":1,"born_in_chaos_v1:dark_vortex":1,"minecraft:cow":2},"minecraft:used":{"minecraft:stone_sword":172,"iceandfire:silver_sword":225,"born_in_chaos_v1:ethereal_spirit":5,"minecraft:chest":4,"minecraft:shield":5,"minecraft:torch":19,"minecraft:dirt":5,"minecraft:lantern":1,"minecraft:sweet_berries":25,"minecraft:furnace":3,"minecraft:egg":1,"minecraft:cooked_beef":3,"minecraft:birch_planks":5,"minecraft:stone_pickaxe":68,"minecraft:wooden_pickaxe":38,"minecraft:crafting_table":9,"minecraft:stone_brick_wall":2,"minecraft:smoker":2,"minecraft:wooden_hoe":64,"minecraft:bread":10,"minecraft:gravel":1,"minecraft:stone_axe":239,"minecraft:cobblestone":2,"minecraft:yellow_bed":3,"alexsmobs:animal_dictionary":3},"minecraft:mined":{"minecraft:red_carpet":1,"iceandfire:silver_ore":6,"minecraft:mossy_cobblestone":1,"minecraft:cobblestone_stairs":4,"gravestone:gravestone":29,"minecraft:grass_block":1,"minecraft:stone_brick_wall":1,"minecraft:weeping_vines":1,"minecraft:spruce_leaves":9,"minecraft:spawner":3,"minecraft:large_fern":2,"minecraft:hay_block":51,"minecraft:weeping_vines_plant":2,"minecraft:furnace":3,"minecraft:carrots":4,"minecraft:stripped_spruce_log":2,"minecraft:peony":1,"minecraft:potatoes":5,"minecraft:dirt_path":1,"minecraft:stone":54,"minecraft:spruce_slab":1,"minecraft:smoker":2,"minecraft:crafting_table":6,"minecraft:cornflower":1,"minecraft:torch":3,"minecraft:poppy":1,"minecraft:chest":1,"minecraft:stone_slab":1,"minecraft:tall_grass":2,"minecraft:cobblestone":2,"minecraft:birch_log":14,"minecraft:wheat":84,"minecraft:sweet_berry_bush":21,"minecraft:spruce_log":15,"minecraft:birch_leaves":27,"minecraft:tnt":15,"minecraft:yellow_bed":3,"minecraft:grass":2,"minecraft:coal_ore":11,"minecraft:beetroots":2,"minecraft:dirt":10,"minecraft:gravel":2,"minecraft:cobweb":15,"minecraft:mossy_stone_bricks":1,"minecraft:oak_leaves":4,"minecraft:fern":2},"minecraft:custom":{"minecraft:mob_kills":96,"minecraft:interact_with_crafting_table":27,"minecraft:open_barrel":10,"minecraft:damage_dealt_resisted":437,"minecraft:leave_game":3,"minecraft:time_since_death":978,"minecraft:climb_one_cm":2413,"minecraft:sprint_one_cm":136933,"minecraft:walk_one_cm":379989,"minecraft:damage_blocked_by_shield":130,"minecraft:drop":33,"minecraft:talked_to_villager":1,"minecraft:play_time":91320,"minecraft:deaths":18,"minecraft:sneak_time":920,"minecraft:walk_under_water_one_cm":1859,"minecraft:jump":1796,"minecraft:walk_on_water_one_cm":4683,"minecraft:total_world_time":91320,"minecraft:interact_with_furnace":9,"minecraft:sleep_in_bed":2,"minecraft:time_since_rest":1011,"minecraft:damage_taken":5662,"minecraft:damage_dealt":12600,"minecraft:fly_one_cm":145146,"minecraft:open_chest":19,"minecraft:crouch_one_cm":1716,"minecraft:interact_with_smoker":10,"minecraft:fall_one_cm":30766},"minecraft:crafted":{"minecraft:furnace":2,"minecraft:cooked_mutton":6,"minecraft:stone_pickaxe":2,"minecraft:chest":4,"minecraft:wheat":459,"minecraft:smoker":1,"iceandfire:silver_ingot":6,"minecraft:crafting_table":3,"minecraft:spruce_planks":48,"minecraft:wooden_pickaxe":1,"minecraft:birch_planks":56,"minecraft:stone_axe":2,"minecraft:bread":178,"minecraft:air":0,"minecraft:wooden_hoe":1,"minecraft:shield":1,"minecraft:stick":48,"minecraft:stone_sword":2,"minecraft:torch":20,"iceandfire:silver_sword":2}},"DataVersion":3465}