{"stats":{"minecraft:killed_by":{"born_in_chaos_v1:baby_skeleton_minion":1,"born_in_chaos_v1:nightmare_stalker":8,"iceandfire:cyclops":3,"minecraft:stray":1,"minecraft:spider":1,"born_in_chaos_v1:dark_vortex":1,"alexsmobs:bison":2,"born_in_chaos_v1:decrepit_skeleton":2,"minecraft:cave_spider":3,"iceandfire:ice_dragon":2,"minecraft:zombie":3,"born_in_chaos_v1:supreme_bonescaller_stage_2":1,"born_in_chaos_v1:dread_hound":3,"born_in_chaos_v1:maggot":1,"minecraft:vex":7},"minecraft:broken":{"minecraft:stone_sword":1,"minecraft:stone_axe":2,"minecraft:wooden_hoe":1},"minecraft:dropped":{"minecraft:bread":17,"minecraft:dirt":11,"iceandfire:silver_sword":1,"born_in_chaos_v1:spiritual_sword":1,"gravestone:obituary":7,"minecraft:string":1,"minecraft:bone":2,"minecraft:stone_sword":1,"born_in_chaos_v1:ethereal_spirit":1,"minecraft:enchanted_golden_apple":1,"minecraft:light_gray_carpet":1,"minecraft:cooked_mutton":6,"minecraft:white_bed":1,"minecraft:flower_pot":1,"minecraft:yellow_bed":2,"minecraft:chest":2,"minecraft:spruce_slab":1,"minecraft:stone_pickaxe":3,"minecraft:wooden_pickaxe":1},"minecraft:picked_up":{"luminousworld:groundpebbles_1":13,"minecraft:crafting_table":8,"minecraft:wheat":207,"minecraft:chicken":2,"minecraft:flower_pot":1,"born_in_chaos_v1:seedof_chaos":14,"minecraft:stone_slab":1,"minecraft:oak_stairs":2,"minecraft:stone_brick_wall":2,"gravestone:obituary":7,"minecraft:chain":5,"minecraft:cornflower":1,"minecraft:string":49,"born_in_chaos_v1:intoxicating_decoction":2,"minecraft:armor_stand":3,"minecraft:beetroot":1,"minecraft:spruce_planks":36,"minecraft:beef":18,"minecraft:poppy":1,"minecraft:light_gray_wool":2,"minecraft:spruce_slab":1,"minecraft:enchanted_golden_apple":1,"minecraft:coal_block":8,"minecraft:chest":3,"minecraft:birch_sapling":1,"minecraft:egg":1,"minecraft:furnace":3,"minecraft:tipped_arrow":14,"minecraft:stick":3,"born_in_chaos_v1:shattered_skull":5,"minecraft:torch":7,"minecraft:spruce_stairs":3,"minecraft:spruce_fence":3,"minecraft:porkchop":13,"minecraft:white_dye":2,"born_in_chaos_v1:pieceofdarkmetal":3,"minecraft:carrot":25,"minecraft:redstone":2,"minecraft:tnt":15,"iceandfire:silver_ingot":2,"minecraft:arrow":36,"minecraft:weeping_vines":2,"minecraft:rotten_flesh":51,"minecraft:beetroot_seeds":4,"minecraft:hay_block":113,"minecraft:gold_ingot":24,"minecraft:mutton":15,"minecraft:skeleton_skull":1,"minecraft:white_wool":8,"minecraft:cobblestone":60,"minecraft:stripped_oak_log":2,"minecraft:sponge":2,"minecraft:birch_log":15,"born_in_chaos_v1:corpse_maggot":5,"minecraft:feather":3,"minecraft:clock":1,"minecraft:cooked_beef":10,"minecraft:lilac":2,"born_in_chaos_v1:spiritual_dust":4,"minecraft:brown_wool":1,"minecraft:leather":6,"minecraft:smoker":2,"minecraft:potato":28,"minecraft:birch_planks":54,"alexsmobs:bison_fur":2,"minecraft:flint":1,"minecraft:oak_log":12,"minecraft:yellow_bed":7,"minecraft:cobblestone_stairs":4,"minecraft:lapis_lazuli":1,"minecraft:dirt":48,"minecraft:lantern":1,"born_in_chaos_v1:monster_skin":2,"minecraft:cooked_mutton":5,"minecraft:bone":84,"minecraft:apple":29,"minecraft:wheat_seeds":465,"minecraft:stone_pickaxe":2,"born_in_chaos_v1:smoked_flesh":10,"minecraft:iron_ingot":58,"minecraft:cooked_chicken":1,"minecraft:mossy_stone_bricks":1,"minecraft:oak_planks":2,"naturalist:cooked_venison":4,"minecraft:cooked_porkchop":15,"minecraft:sweet_berries":49,"born_in_chaos_v1:orbofthe_summoner":1,"born_in_chaos_v1:ethereal_spirit":5,"minecraft:dandelion":1,"minecraft:gravel":1,"minecraft:sand":13,"minecraft:stripped_spruce_log":2,"minecraft:spruce_sapling":1,"minecraft:blast_furnace":1,"minecraft:white_bed":1,"minecraft:spruce_log":14,"minecraft:spider_eye":10,"minecraft:mossy_cobblestone":1,"minecraft:iron_helmet":2,"minecraft:bread":197,"minecraft:oak_sapling":2,"minecraft:coal":55,"iceandfire:raw_silver":6},"minecraft:killed":{"minecraft:vex":1,"minecraft:cave_spider":21,"born_in_chaos_v1:restless_spirit":4,"born_in_chaos_v1:door_knight_not_despawn":1,"minecraft:spider":11,"born_in_chaos_v1:baby_skeleton_minion":1,"born_in_chaos_v1:maggot":5,"minecraft:horse":1,"alexsmobs:bison":1,"minecraft:drowned":1,"born_in_chaos_v1:supreme_bonescaller_stage_2":1,"minecraft:pig":5,"born_in_chaos_v1:bone_imp_minion":2,"naturalist:bluejay":1,"born_in_chaos_v1:decrepit_skeleton":13,"minecraft:sheep":11,"minecraft:zombie":14,"born_in_chaos_v1:dark_vortex":1,"minecraft:stray":5,"minecraft:cow":5},"minecraft:used":{"minecraft:stone_sword":172,"iceandfire:silver_sword":541,"born_in_chaos_v1:ethereal_spirit":5,"minecraft:chest":6,"minecraft:shield":33,"minecraft:cooked_chicken":1,"minecraft:torch":24,"minecraft:dirt":22,"minecraft:lantern":1,"minecraft:sweet_berries":25,"minecraft:furnace":4,"minecraft:egg":1,"minecraft:cooked_beef":3,"minecraft:wheat_seeds":101,"minecraft:birch_planks":5,"minecraft:stone_pickaxe":104,"minecraft:wooden_pickaxe":38,"minecraft:crafting_table":10,"minecraft:blast_furnace":1,"minecraft:white_bed":1,"minecraft:stone_brick_wall":2,"minecraft:smoker":3,"born_in_chaos_v1:spiritual_sword":95,"minecraft:wooden_hoe":64,"minecraft:bread":35,"minecraft:gravel":1,"minecraft:stone_axe":241,"minecraft:cobblestone":2,"minecraft:yellow_bed":6,"alexsmobs:animal_dictionary":3},"minecraft:mined":{"luminousworld:groundpebbles_1":2,"minecraft:red_carpet":1,"minecraft:white_bed":1,"iceandfire:silver_ore":6,"minecraft:mossy_cobblestone":1,"minecraft:cobblestone_stairs":4,"gravestone:gravestone":52,"minecraft:stone_brick_wall":1,"minecraft:grass_block":7,"minecraft:weeping_vines":2,"minecraft:spruce_leaves":10,"minecraft:spawner":3,"minecraft:large_fern":4,"minecraft:hay_block":82,"minecraft:weeping_vines_plant":2,"minecraft:furnace":3,"minecraft:carrots":4,"minecraft:stripped_spruce_log":2,"minecraft:peony":1,"minecraft:dirt_path":1,"minecraft:potatoes":5,"minecraft:stone":57,"minecraft:spruce_slab":1,"minecraft:tripwire":1,"minecraft:potted_lily_of_the_valley":1,"minecraft:smoker":2,"iceandfire:dragon_ice_spikes":11,"minecraft:crafting_table":7,"minecraft:cornflower":1,"minecraft:torch":4,"minecraft:blast_furnace":1,"minecraft:sponge":2,"minecraft:poppy":1,"minecraft:chest":3,"minecraft:stone_slab":1,"minecraft:cobblestone":2,"minecraft:tall_grass":3,"minecraft:chain":2,"minecraft:birch_log":14,"minecraft:wheat":193,"minecraft:sweet_berry_bush":21,"minecraft:spruce_log":15,"minecraft:birch_leaves":27,"minecraft:tnt":15,"minecraft:yellow_bed":6,"minecraft:grass":15,"minecraft:coal_ore":11,"minecraft:oak_log":1,"minecraft:beetroots":2,"minecraft:gravel":2,"minecraft:sand":13,"minecraft:dirt":18,"minecraft:cobweb":21,"minecraft:mossy_stone_bricks":1,"minecraft:oak_leaves":5,"minecraft:fern":4},"minecraft:custom":{"minecraft:mob_kills":141,"minecraft:interact_with_crafting_table":56,"minecraft:open_barrel":10,"minecraft:bell_ring":1,"minecraft:damage_dealt_resisted":697,"minecraft:leave_game":6,"minecraft:time_since_death":6103,"minecraft:climb_one_cm":3077,"minecraft:sprint_one_cm":427850,"minecraft:walk_one_cm":654159,"minecraft:damage_blocked_by_shield":746,"minecraft:drop":53,"minecraft:talked_to_villager":5,"minecraft:sneak_time":1608,"minecraft:play_time":193561,"minecraft:deaths":39,"minecraft:walk_under_water_one_cm":3700,"minecraft:jump":4830,"minecraft:interact_with_blast_furnace":3,"minecraft:walk_on_water_one_cm":7358,"minecraft:total_world_time":193561,"minecraft:interact_with_furnace":15,"minecraft:sleep_in_bed":8,"minecraft:time_since_rest":39,"minecraft:waystone_activated":1,"minecraft:damage_taken":11969,"minecraft:damage_dealt":20718,"minecraft:fly_one_cm":824775,"minecraft:open_chest":126,"minecraft:crouch_one_cm":2677,"minecraft:interact_with_smoker":12,"minecraft:fall_one_cm":121277},"minecraft:crafted":{"minecraft:oak_planks":4,"minecraft:cooked_chicken":1,"minecraft:furnace":2,"born_in_chaos_v1:spiritual_sword":2,"minecraft:cooked_mutton":6,"minecraft:glass":13,"born_in_chaos_v1:bone_handle":2,"minecraft:stone_pickaxe":2,"minecraft:chest":4,"minecraft:smoker":1,"minecraft:wheat":459,"iceandfire:silver_ingot":6,"minecraft:crafting_table":4,"minecraft:spruce_planks":48,"travelersbackpack:backpack_tank":2,"minecraft:wooden_pickaxe":1,"minecraft:hay_block":3,"minecraft:birch_planks":56,"minecraft:stone_axe":3,"minecraft:bread":199,"minecraft:air":0,"minecraft:wooden_hoe":1,"minecraft:shield":1,"minecraft:stick":56,"minecraft:stone_sword":2,"minecraft:white_bed":1,"minecraft:torch":20,"iceandfire:silver_sword":3}},"DataVersion":3465}