{"stats":{"minecraft:used":{"orcz:blue_orcshroom":1,"minecraft:poppy":1,"minecraft:chest":11,"minecraft:shield":52,"minecraft:lantern":1,"minecraft:bow":46,"minecraft:sweet_berries":25,"minecraft:furnace":7,"minecraft:egg":1,"minecraft:stone_pickaxe":536,"minecraft:oak_planks":9,"minecraft:wooden_pickaxe":64,"minecraft:blast_furnace":3,"iceandfire:silver_axe":124,"minecraft:stone_brick_wall":2,"minecraft:shears":53,"born_in_chaos_v1:spiritual_sword":332,"minecraft:bread":64,"minecraft:string":1,"minecraft:gravel":14,"minecraft:smithing_table":1,"minecraft:andesite":19,"minecraft:stone_sword":240,"iceandfire:silver_sword":725,"born_in_chaos_v1:ethereal_spirit":5,"minecraft:spruce_planks":4,"minecraft:wooden_shovel":4,"minecraft:cooked_chicken":1,"minecraft:torch":92,"minecraft:dirt":37,"minecraft:cooked_beef":5,"minecraft:brown_bed":1,"minecraft:wheat_seeds":101,"minecraft:cooked_mutton":3,"minecraft:water_bucket":4,"minecraft:birch_planks":22,"minecraft:spruce_sign":1,"luminousworld:yellow_grassflowers":1,"minecraft:crafting_table":15,"minecraft:white_bed":3,"travelersbackpack:wolf":1,"minecraft:smoker":4,"minecraft:wooden_hoe":64,"travelersbackpack:white_sleeping_bag":1,"minecraft:leather_helmet":1,"minecraft:stone_axe":275,"minecraft:cobblestone":52,"travelersbackpack:standard":19,"minecraft:bucket":7,"minecraft:yellow_bed":11,"alexsmobs:animal_dictionary":3},"minecraft:mined":{"minecraft:large_amethyst_bud":1,"minecraft:white_bed":3,"minecraft:cobblestone_stairs":4,"minecraft:grass_block":19,"minecraft:stone_brick_wall":1,"minecraft:spawner":3,"minecraft:weeping_vines_plant":2,"minecraft:iron_ore":8,"minecraft:fire":6,"minecraft:brown_bed":1,"minecraft:dirt_path":2,"minecraft:small_amethyst_bud":1,"minecraft:blue_orchid":1,"minecraft:spruce_slab":1,"minecraft:tripwire":2,"luminousworld:purple_petunias":1,"minecraft:smoker":4,"minecraft:medium_amethyst_bud":2,"iceandfire:dragon_ice_spikes":35,"minecraft:torch":11,"minecraft:blast_furnace":4,"minecraft:poppy":1,"minecraft:chest":5,"minecraft:cobblestone":14,"minecraft:oak_planks":5,"minecraft:wall_torch":3,"minecraft:chain":2,"minecraft:birch_log":25,"minecraft:wheat":277,"minecraft:tnt":15,"minecraft:grass":140,"minecraft:oak_log":19,"minecraft:beetroots":3,"minecraft:sand":13,"minecraft:dirt":35,"luminousworld:grassvariant_3":8,"minecraft:oak_leaves":62,"luminousworld:groundpebbles_1":2,"minecraft:red_carpet":1,"iceandfire:silver_ore":15,"minecraft:mossy_cobblestone":1,"gravestone:gravestone":81,"minecraft:weeping_vines":2,"luminousworld:grassvariant_2":8,"minecraft:spruce_leaves":14,"minecraft:large_fern":4,"minecraft:hay_block":84,"luminousworld:sunset_petunias":1,"luminousworld:yellow_grassflowers":1,"minecraft:furnace":7,"minecraft:carrots":4,"minecraft:andesite":145,"minecraft:stripped_spruce_log":2,"minecraft:peony":1,"minecraft:potatoes":5,"minecraft:stripped_oak_log":3,"minecraft:stone":219,"minecraft:smithing_table":2,"minecraft:potted_lily_of_the_valley":1,"minecraft:crafting_table":14,"minecraft:cornflower":2,"minecraft:sponge":2,"minecraft:stone_slab":2,"luminousworld:grassflowers":1,"minecraft:tall_grass":60,"minecraft:birch_planks":2,"minecraft:sweet_berry_bush":21,"minecraft:spruce_log":16,"minecraft:birch_leaves":38,"minecraft:yellow_bed":10,"minecraft:coal_ore":79,"minecraft:gravel":10,"minecraft:cobweb":21,"minecraft:mossy_stone_bricks":1,"minecraft:fern":9},"minecraft:broken":{"iceandfire:silver_sword":1,"minecraft:stone_pickaxe":4,"minecraft:stone_axe":2,"minecraft:stone_sword":1,"minecraft:leather_chestplate":1,"minecraft:shield":1,"minecraft:wooden_hoe":1},"minecraft:killed_by":{"born_in_chaos_v1:nightmare_stalker":20,"iceandfire:cyclops":3,"minecraft:cave_spider":3,"iceandfire:ice_dragon":2,"minecraft:witch":1,"minecraft:zombie":3,"born_in_chaos_v1:supreme_bonescaller_stage_2":1,"orcz:orcsavageweird":3,"iceandfire:fire_dragon":10,"minecraft:vex":7,"minecraft:player":1,"born_in_chaos_v1:baby_skeleton_minion":1,"minecraft:stray":1,"orcz:weirdboinecro":2,"minecraft:spider":2,"born_in_chaos_v1:dark_vortex":1,"alexsmobs:bison":2,"born_in_chaos_v1:decrepit_skeleton":2,"born_in_chaos_v1:dread_hound":6,"born_in_chaos_v1:maggot":1},"minecraft:killed":{"minecraft:cave_spider":21,"born_in_chaos_v1:restless_spirit":4,"born_in_chaos_v1:door_knight_not_despawn":1,"minecraft:spider":12,"born_in_chaos_v1:baby_skeleton_minion":1,"naturalist:snail":1,"minecraft:chicken":1,"luminousworld:bass_fish":1,"orcz:squig":3,"born_in_chaos_v1:supreme_bonescaller_stage_2":1,"minecraft:pig":6,"orcz:goblinsavagemace":2,"minecraft:sheep":15,"minecraft:pillager":1,"minecraft:zombie":15,"born_in_chaos_v1:dread_hound":1,"born_in_chaos_v1:corpse_fly":3,"minecraft:stray":5,"orcz:snot":3,"orcz:orcshield":1,"minecraft:cow":5,"minecraft:vex":1,"born_in_chaos_v1:maggot":5,"minecraft:horse":1,"minecraft:drowned":1,"alexsmobs:bison":1,"born_in_chaos_v1:fallen_chaos_knight":1,"born_in_chaos_v1:bone_imp_minion":2,"iceandfire:cyclops":2,"naturalist:bluejay":1,"born_in_chaos_v1:decrepit_skeleton":13,"born_in_chaos_v1:dark_vortex":2,"naturalist:canary":1},"minecraft:picked_up":{"minecraft:wheat":302,"minecraft:flower_pot":1,"minecraft:smithing_table":2,"minecraft:stone_slab":3,"minecraft:oak_stairs":2,"minecraft:brown_bed":1,"minecraft:string":75,"minecraft:armor_stand":3,"minecraft:beetroot":2,"minecraft:spruce_planks":37,"minecraft:enchanted_golden_apple":1,"minecraft:coal_block":8,"minecraft:furnace":7,"minecraft:tipped_arrow":14,"minecraft:stick":4,"born_in_chaos_v1:shattered_skull":5,"minecraft:torch":18,"minecraft:spruce_stairs":6,"minecraft:porkchop":16,"orcz:squigs_claws":2,"orcz:palisadedarkoak":1,"luminousworld:grassflowers":1,"minecraft:rotten_flesh":63,"luminousworld:yellow_grassflowers":1,"orcz:orcshroom":1,"minecraft:cobblestone":260,"minecraft:sponge":2,"minecraft:birch_log":26,"minecraft:cooked_beef":10,"minecraft:feather":7,"minecraft:lilac":2,"born_in_chaos_v1:spiritual_dust":8,"minecraft:andesite":190,"minecraft:brown_wool":1,"minecraft:smoker":4,"minecraft:potato":28,"alexsmobs:bison_fur":2,"minecraft:flint":2,"luminousworld:purple_petunias":1,"minecraft:lapis_lazuli":3,"minecraft:dirt":98,"minecraft:lantern":1,"born_in_chaos_v1:monster_skin":2,"minecraft:bone":85,"minecraft:wheat_seeds":690,"minecraft:mossy_stone_bricks":1,"minecraft:oak_planks":14,"luminousworld:bass_item":1,"minecraft:cooked_porkchop":15,"orcz:orcagaric":1,"minecraft:sand":13,"orcz:blue_orcshroom":3,"minecraft:stripped_spruce_log":2,"minecraft:mossy_cobblestone":1,"waystones:waystone":1,"minecraft:grass":2,"minecraft:spruce_sign":2,"minecraft:bread":197,"minecraft:oak_sapling":2,"minecraft:oak_leaves":27,"iceandfire:raw_silver":15,"luminousworld:groundpebbles_1":14,"minecraft:crafting_table":16,"minecraft:chicken":2,"born_in_chaos_v1:river_mint":1,"born_in_chaos_v1:seedof_chaos":15,"minecraft:stone_brick_wall":2,"minecraft:chain":5,"gravestone:obituary":22,"minecraft:cornflower":2,"minecraft:oak_trapdoor":1,"born_in_chaos_v1:intoxicating_decoction":2,"minecraft:blue_orchid":1,"minecraft:beef":25,"born_in_chaos_v1:gnawed_bones":1,"minecraft:iron_nugget":5,"minecraft:poppy":2,"minecraft:spruce_slab":1,"minecraft:light_gray_wool":2,"minecraft:chest":6,"minecraft:birch_sapling":2,"minecraft:egg":1,"minecraft:raw_iron":10,"minecraft:oak_door":1,"minecraft:spruce_fence":6,"minecraft:white_dye":2,"born_in_chaos_v1:pieceofdarkmetal":7,"minecraft:carrot":25,"minecraft:redstone":2,"minecraft:tnt":15,"iceandfire:silver_ingot":3,"minecraft:arrow":36,"minecraft:weeping_vines":2,"minecraft:beetroot_seeds":5,"minecraft:hay_block":115,"minecraft:gold_ingot":24,"minecraft:mutton":37,"minecraft:skeleton_skull":1,"minecraft:white_wool":18,"minecraft:oxeye_daisy":1,"minecraft:stripped_oak_log":5,"born_in_chaos_v1:corpse_maggot":12,"minecraft:clock":1,"minecraft:leather":15,"minecraft:birch_planks":57,"minecraft:oak_log":36,"minecraft:yellow_bed":12,"minecraft:gunpowder":10,"minecraft:cobblestone_stairs":4,"minecraft:white_banner":1,"minecraft:cooked_mutton":5,"minecraft:apple":34,"born_in_chaos_v1:smoked_flesh":10,"minecraft:iron_ingot":58,"minecraft:stone_pickaxe":3,"minecraft:cooked_chicken":1,"born_in_chaos_v1:spiritual_sword":1,"naturalist:cooked_venison":4,"minecraft:sweet_berries":49,"born_in_chaos_v1:orbofthe_summoner":1,"born_in_chaos_v1:ethereal_spirit":17,"minecraft:dandelion":1,"luminousworld:sunset_petunias":1,"minecraft:gravel":14,"born_in_chaos_v1:dark_rod":2,"minecraft:spruce_sapling":1,"minecraft:blast_furnace":4,"minecraft:white_bed":2,"minecraft:spruce_log":20,"minecraft:spider_eye":10,"minecraft:iron_helmet":2,"minecraft:gray_wool":1,"minecraft:baked_potato":15,"minecraft:coal":133,"minecraft:ender_pearl":5},"minecraft:crafted":{"minecraft:oak_planks":96,"minecraft:cooked_chicken":1,"minecraft:cooked_mutton":22,"minecraft:glass":13,"minecraft:bow":1,"minecraft:chest":6,"minecraft:smoker":1,"iceandfire:silver_axe":1,"minecraft:wooden_shovel":1,"minecraft:cooked_porkchop":8,"minecraft:crafting_table":4,"minecraft:spruce_planks":76,"minecraft:iron_helmet":1,"minecraft:wooden_pickaxe":3,"travelersbackpack:standard":1,"minecraft:hay_block":3,"minecraft:birch_planks":56,"orcz:great_jungle_armour_helmet":1,"travelersbackpack:wolf":1,"minecraft:wooden_hoe":1,"minecraft:shield":1,"minecraft:stick":116,"minecraft:iron_ingot":2,"minecraft:stone_sword":3,"iceandfire:silver_sword":4,"minecraft:shears":1,"minecraft:wooden_sword":1,"minecraft:furnace":4,"born_in_chaos_v1:spiritual_sword":2,"travelersbackpack:white_sleeping_bag":1,"born_in_chaos_v1:bone_handle":2,"minecraft:stone_pickaxe":8,"minecraft:wheat":477,"iceandfire:silver_ingot":14,"travelersbackpack:backpack_tank":2,"orcz:great_jungle_armour_leggings":1,"minecraft:bone":6,"orcz:great_jungle_armour_chestplate":1,"minecraft:stone_axe":4,"minecraft:bread":222,"minecraft:air":0,"minecraft:white_wool":3,"minecraft:white_bed":2,"minecraft:torch":128},"minecraft:dropped":{"minecraft:spruce_sign":1,"minecraft:dirt":13,"born_in_chaos_v1:spiritual_sword":2,"gravestone:obituary":46,"minecraft:bone":2,"minecraft:stone_axe":1,"minecraft:wheat":1,"born_in_chaos_v1:ethereal_spirit":11,"minecraft:rotten_flesh":5,"minecraft:oak_planks":7,"minecraft:enchanted_golden_apple":1,"minecraft:light_gray_carpet":1,"minecraft:cooked_mutton":6,"minecraft:white_bed":1,"minecraft:chest":2,"minecraft:spruce_slab":1,"minecraft:oak_leaves":7,"born_in_chaos_v1:dark_rod":1,"minecraft:bread":17,"minecraft:wheat_seeds":3,"minecraft:feather":1,"minecraft:spruce_stairs":6,"minecraft:oxeye_daisy":1,"born_in_chaos_v1:river_mint":1,"minecraft:torch":32,"iceandfire:silver_sword":1,"minecraft:oak_stairs":2,"minecraft:string":18,"minecraft:stone_sword":1,"minecraft:stripped_oak_log":2,"minecraft:spruce_fence":6,"minecraft:hay_block":34,"minecraft:flower_pot":1,"minecraft:spruce_planks":1,"luminousworld:groundpebbles_1":1,"minecraft:yellow_bed":2,"minecraft:stone_pickaxe":3,"minecraft:wooden_pickaxe":1},"minecraft:custom":{"minecraft:interact_with_crafting_table":100,"minecraft:open_barrel":10,"minecraft:bell_ring":2,"minecraft:leave_game":12,"minecraft:time_since_death":16966,"minecraft:sprint_one_cm":834743,"minecraft:damage_blocked_by_shield":2443,"minecraft:drop":185,"minecraft:talked_to_villager":6,"minecraft:play_time":388955,"minecraft:deaths":75,"minecraft:jump":9164,"minecraft:walk_on_water_one_cm":23071,"minecraft:interact_with_furnace":38,"minecraft:sleep_in_bed":20,"minecraft:waystone_activated":2,"minecraft:damage_dealt":27371,"minecraft:player_kills":1,"minecraft:crouch_one_cm":12867,"minecraft:interact_with_smoker":12,"minecraft:interact_with_smithing_table":1,"minecraft:mob_kills":175,"minecraft:damage_dealt_resisted":875,"minecraft:climb_one_cm":3447,"minecraft:walk_one_cm":1078441,"minecraft:sneak_time":6616,"minecraft:walk_under_water_one_cm":26518,"minecraft:interact_with_blast_furnace":9,"minecraft:total_world_time":388955,"minecraft:time_since_rest":72,"minecraft:damage_taken":22494,"minecraft:swim_one_cm":16849,"minecraft:fly_one_cm":1598902,"minecraft:open_chest":201,"minecraft:fall_one_cm":231106}},"DataVersion":3465}