{"stats":{"minecraft:killed_by":{"born_in_chaos_v1:nightmare_stalker":1,"minecraft:stray":1,"minecraft:spider":1,"born_in_chaos_v1:dark_vortex":1,"alexsmobs:bison":1,"born_in_chaos_v1:decrepit_skeleton":2,"minecraft:cave_spider":3,"minecraft:zombie":2,"born_in_chaos_v1:supreme_bonescaller_stage_2":1,"born_in_chaos_v1:dread_hound":2,"born_in_chaos_v1:maggot":1,"minecraft:vex":7},"minecraft:broken":{"minecraft:stone_sword":1,"minecraft:stone_axe":2,"minecraft:wooden_hoe":1},"minecraft:dropped":{"minecraft:bread":17,"iceandfire:silver_sword":1,"minecraft:stone_sword":1,"born_in_chaos_v1:ethereal_spirit":1,"minecraft:cooked_mutton":6,"minecraft:yellow_bed":2,"minecraft:spruce_slab":1,"minecraft:stone_pickaxe":3,"minecraft:wooden_pickaxe":1},"minecraft:picked_up":{"luminousworld:groundpebbles_1":8,"minecraft:crafting_table":7,"minecraft:wheat":173,"minecraft:chicken":2,"born_in_chaos_v1:seedof_chaos":3,"minecraft:stone_slab":1,"minecraft:stone_brick_wall":2,"minecraft:chain":5,"gravestone:obituary":4,"minecraft:cornflower":1,"minecraft:string":47,"minecraft:beetroot":1,"minecraft:spruce_planks":21,"minecraft:beef":18,"minecraft:poppy":1,"minecraft:spruce_slab":1,"minecraft:light_gray_wool":2,"minecraft:chest":1,"minecraft:birch_sapling":1,"minecraft:furnace":3,"minecraft:egg":1,"minecraft:tipped_arrow":14,"minecraft:stick":3,"born_in_chaos_v1:shattered_skull":3,"minecraft:torch":5,"minecraft:porkchop":13,"minecraft:white_dye":2,"minecraft:carrot":6,"minecraft:redstone":2,"minecraft:tnt":15,"minecraft:arrow":36,"minecraft:weeping_vines":2,"minecraft:rotten_flesh":41,"minecraft:beetroot_seeds":4,"minecraft:hay_block":82,"minecraft:gold_ingot":1,"minecraft:mutton":15,"minecraft:skeleton_skull":1,"minecraft:white_wool":8,"minecraft:cobblestone":60,"minecraft:sponge":2,"minecraft:birch_log":15,"born_in_chaos_v1:corpse_maggot":2,"minecraft:clock":1,"minecraft:lilac":2,"minecraft:feather":3,"minecraft:cooked_beef":3,"minecraft:brown_wool":1,"minecraft:leather":6,"minecraft:smoker":2,"minecraft:potato":8,"minecraft:birch_planks":54,"alexsmobs:bison_fur":2,"minecraft:flint":1,"minecraft:yellow_bed":6,"minecraft:cobblestone_stairs":4,"minecraft:lapis_lazuli":1,"minecraft:dirt":15,"minecraft:lantern":1,"born_in_chaos_v1:monster_skin":1,"minecraft:bone":67,"minecraft:apple":20,"minecraft:wheat_seeds":463,"minecraft:iron_ingot":5,"minecraft:stone_pickaxe":2,"minecraft:mossy_stone_bricks":1,"minecraft:cooked_porkchop":5,"minecraft:sweet_berries":49,"born_in_chaos_v1:ethereal_spirit":5,"minecraft:dandelion":1,"minecraft:gravel":1,"minecraft:sand":13,"minecraft:stripped_spruce_log":2,"minecraft:spruce_sapling":1,"minecraft:blast_furnace":1,"minecraft:spruce_log":14,"minecraft:spider_eye":10,"minecraft:mossy_cobblestone":1,"minecraft:bread":5,"minecraft:oak_sapling":2,"minecraft:coal":55,"iceandfire:raw_silver":6},"minecraft:killed":{"minecraft:vex":1,"minecraft:cave_spider":21,"born_in_chaos_v1:restless_spirit":4,"born_in_chaos_v1:door_knight_not_despawn":1,"minecraft:spider":11,"born_in_chaos_v1:baby_skeleton_minion":1,"born_in_chaos_v1:maggot":5,"minecraft:horse":1,"alexsmobs:bison":1,"minecraft:drowned":1,"minecraft:pig":5,"born_in_chaos_v1:bone_imp_minion":2,"naturalist:bluejay":1,"born_in_chaos_v1:decrepit_skeleton":13,"minecraft:sheep":11,"minecraft:zombie":13,"born_in_chaos_v1:dark_vortex":1,"minecraft:stray":5,"minecraft:cow":5},"minecraft:used":{"minecraft:stone_sword":172,"iceandfire:silver_sword":511,"born_in_chaos_v1:ethereal_spirit":5,"minecraft:chest":5,"minecraft:shield":32,"minecraft:torch":24,"minecraft:dirt":5,"minecraft:lantern":1,"minecraft:sweet_berries":25,"minecraft:furnace":4,"minecraft:egg":1,"minecraft:cooked_beef":3,"minecraft:wheat_seeds":101,"minecraft:birch_planks":5,"minecraft:stone_pickaxe":93,"minecraft:wooden_pickaxe":38,"minecraft:crafting_table":9,"minecraft:blast_furnace":1,"minecraft:white_bed":1,"minecraft:stone_brick_wall":2,"minecraft:smoker":3,"minecraft:wooden_hoe":64,"minecraft:bread":29,"minecraft:gravel":1,"minecraft:stone_axe":239,"minecraft:cobblestone":2,"minecraft:yellow_bed":4,"alexsmobs:animal_dictionary":3},"minecraft:mined":{"luminousworld:groundpebbles_1":2,"minecraft:red_carpet":1,"iceandfire:silver_ore":6,"minecraft:mossy_cobblestone":1,"minecraft:cobblestone_stairs":4,"gravestone:gravestone":35,"minecraft:stone_brick_wall":1,"minecraft:grass_block":3,"minecraft:weeping_vines":2,"minecraft:spruce_leaves":10,"minecraft:spawner":3,"minecraft:large_fern":2,"minecraft:hay_block":82,"minecraft:weeping_vines_plant":2,"minecraft:furnace":3,"minecraft:carrots":4,"minecraft:stripped_spruce_log":2,"minecraft:peony":1,"minecraft:dirt_path":1,"minecraft:potatoes":5,"minecraft:stone":57,"minecraft:spruce_slab":1,"minecraft:smoker":2,"minecraft:crafting_table":7,"minecraft:cornflower":1,"minecraft:torch":4,"minecraft:blast_furnace":1,"minecraft:sponge":2,"minecraft:poppy":1,"minecraft:chest":1,"minecraft:stone_slab":1,"minecraft:tall_grass":3,"minecraft:cobblestone":2,"minecraft:chain":2,"minecraft:birch_log":14,"minecraft:wheat":193,"minecraft:sweet_berry_bush":21,"minecraft:spruce_log":15,"minecraft:birch_leaves":27,"minecraft:tnt":15,"minecraft:yellow_bed":4,"minecraft:grass":8,"minecraft:coal_ore":11,"minecraft:beetroots":2,"minecraft:gravel":2,"minecraft:sand":13,"minecraft:dirt":10,"minecraft:cobweb":21,"minecraft:mossy_stone_bricks":1,"minecraft:oak_leaves":5,"minecraft:fern":3},"minecraft:custom":{"minecraft:mob_kills":137,"minecraft:interact_with_crafting_table":41,"minecraft:open_barrel":10,"minecraft:damage_dealt_resisted":563,"minecraft:leave_game":4,"minecraft:time_since_death":1284,"minecraft:climb_one_cm":3077,"minecraft:sprint_one_cm":279362,"minecraft:walk_one_cm":545918,"minecraft:damage_blocked_by_shield":536,"minecraft:drop":33,"minecraft:talked_to_villager":2,"minecraft:play_time":145245,"minecraft:sneak_time":1508,"minecraft:deaths":23,"minecraft:walk_under_water_one_cm":3700,"minecraft:jump":3300,"minecraft:interact_with_blast_furnace":1,"minecraft:walk_on_water_one_cm":6773,"minecraft:total_world_time":145245,"minecraft:interact_with_furnace":13,"minecraft:sleep_in_bed":4,"minecraft:time_since_rest":1312,"minecraft:damage_taken":7636,"minecraft:damage_dealt":19322,"minecraft:fly_one_cm":474656,"minecraft:open_chest":75,"minecraft:crouch_one_cm":2326,"minecraft:interact_with_smoker":12,"minecraft:fall_one_cm":72257},"minecraft:crafted":{"minecraft:cooked_chicken":1,"minecraft:furnace":2,"minecraft:cooked_mutton":6,"minecraft:glass":13,"minecraft:stone_pickaxe":2,"minecraft:chest":4,"minecraft:smoker":1,"minecraft:wheat":459,"iceandfire:silver_ingot":6,"minecraft:crafting_table":3,"minecraft:spruce_planks":48,"travelersbackpack:backpack_tank":2,"minecraft:wooden_pickaxe":1,"minecraft:birch_planks":56,"minecraft:stone_axe":3,"minecraft:bread":199,"minecraft:air":0,"minecraft:wooden_hoe":1,"minecraft:shield":1,"minecraft:stick":56,"minecraft:stone_sword":2,"minecraft:white_bed":1,"minecraft:torch":20,"iceandfire:silver_sword":2}},"DataVersion":3465}