{"stats":{"minecraft:killed_by":{"born_in_chaos_v1:dark_vortex":1,"born_in_chaos_v1:dread_hound":1},"minecraft:dropped":{"minecraft:stone_sword":1,"minecraft:cooked_mutton":6},"minecraft:picked_up":{"minecraft:birch_log":14,"minecraft:crafting_table":3,"minecraft:cooked_beef":3,"minecraft:chicken":1,"minecraft:leather":1,"minecraft:smoker":1,"minecraft:stone_brick_wall":2,"minecraft:lapis_lazuli":1,"minecraft:string":2,"minecraft:dirt":5,"minecraft:bone":2,"minecraft:iron_ingot":1,"minecraft:beef":4,"minecraft:light_gray_wool":1,"minecraft:egg":1,"minecraft:furnace":1,"minecraft:stick":1,"minecraft:cooked_porkchop":5,"minecraft:sweet_berries":38,"minecraft:white_dye":2,"minecraft:porkchop":5,"minecraft:spruce_log":14,"minecraft:redstone":2,"minecraft:spider_eye":1,"minecraft:rotten_flesh":4,"minecraft:gold_ingot":1,"minecraft:cobblestone":22,"iceandfire:raw_silver":2,"minecraft:mutton":6,"minecraft:coal":32,"minecraft:white_wool":4},"minecraft:killed":{"minecraft:pig":2,"minecraft:spider":1,"born_in_chaos_v1:decrepit_skeleton":1,"minecraft:sheep":5,"born_in_chaos_v1:dark_vortex":1,"minecraft:cow":2},"minecraft:mined":{"iceandfire:silver_ore":2,"minecraft:smoker":1,"minecraft:crafting_table":3,"gravestone:gravestone":2,"minecraft:stone_brick_wall":1,"minecraft:grass_block":1,"minecraft:tall_grass":2,"minecraft:spruce_leaves":8,"minecraft:furnace":1,"minecraft:birch_log":14,"minecraft:sweet_berry_bush":16,"minecraft:spruce_log":15,"minecraft:birch_leaves":8,"minecraft:peony":1,"minecraft:grass":1,"minecraft:coal_ore":7,"minecraft:dirt":4,"minecraft:stone":21,"minecraft:fern":1},"minecraft:used":{"minecraft:stone_sword":24,"minecraft:stone_pickaxe":21,"minecraft:wooden_pickaxe":14,"minecraft:dirt":5,"minecraft:crafting_table":3,"minecraft:stone_brick_wall":1,"minecraft:smoker":1,"minecraft:stone_axe":66,"minecraft:cobblestone":2,"minecraft:sweet_berries":18,"minecraft:furnace":1,"alexsmobs:animal_dictionary":3,"minecraft:egg":1},"minecraft:custom":{"minecraft:interact_with_furnace":3,"minecraft:mob_kills":12,"minecraft:interact_with_crafting_table":9,"minecraft:open_barrel":1,"minecraft:leave_game":2,"minecraft:time_since_death":14087,"minecraft:sleep_in_bed":1,"minecraft:climb_one_cm":1065,"minecraft:time_since_rest":0,"minecraft:sprint_one_cm":45599,"minecraft:damage_taken":601,"minecraft:walk_one_cm":132514,"minecraft:drop":7,"minecraft:damage_dealt":1486,"minecraft:fly_one_cm":52403,"minecraft:crouch_one_cm":696,"minecraft:play_time":31761,"minecraft:deaths":2,"minecraft:sneak_time":464,"minecraft:jump":620,"minecraft:walk_on_water_one_cm":225,"minecraft:total_world_time":31761,"minecraft:interact_with_smoker":5,"minecraft:fall_one_cm":13857},"minecraft:crafted":{"minecraft:crafting_table":1,"minecraft:spruce_planks":40,"minecraft:wooden_pickaxe":1,"minecraft:furnace":1,"minecraft:stone_axe":1,"minecraft:cooked_mutton":6,"minecraft:air":0,"minecraft:stick":8,"minecraft:stone_pickaxe":1,"minecraft:stone_sword":2,"minecraft:smoker":1}},"DataVersion":3465}