{"stats":{"minecraft:killed_by":{"born_in_chaos_v1:restless_spirit":1,"minecraft:stray":1,"minecraft:spider":1,"born_in_chaos_v1:bone_imp_minion":2,"born_in_chaos_v1:decrepit_skeleton":4,"minecraft:cave_spider":5,"minecraft:skeleton":2,"minecraft:zombie":8,"born_in_chaos_v1:dread_hound":1,"minecraft:vex":2},"minecraft:broken":{"minecraft:stone_sword":1,"minecraft:wooden_pickaxe":1,"minecraft:stone_pickaxe":1,"minecraft:wooden_axe":1},"minecraft:picked_up":{"luminousworld:groundpebbles_1":6,"minecraft:wheat":28,"minecraft:clay_ball":4,"minecraft:chicken":1,"naturalist:venison":4,"born_in_chaos_v1:seedof_chaos":2,"minecraft:stone_slab":2,"minecraft:wooden_pickaxe":3,"minecraft:oak_stairs":3,"minecraft:stone_brick_wall":2,"minecraft:chain":8,"gravestone:obituary":26,"minecraft:string":12,"minecraft:item_frame":2,"minecraft:beetroot":1,"minecraft:bucket":1,"minecraft:spruce_planks":15,"minecraft:beef":1,"minecraft:poppy":1,"minecraft:spruce_slab":1,"minecraft:coal_block":8,"minecraft:chest":2,"minecraft:tipped_arrow":1,"minecraft:stick":2,"born_in_chaos_v1:shattered_skull":4,"minecraft:torch":6,"minecraft:porkchop":2,"born_in_chaos_v1:pieceofdarkmetal":4,"minecraft:carrot":13,"minecraft:stone_sword":1,"minecraft:arrow":4,"minecraft:weeping_vines":9,"minecraft:rotten_flesh":28,"minecraft:beetroot_seeds":5,"minecraft:peony":1,"minecraft:hay_block":7,"minecraft:iron_block":2,"minecraft:gold_ingot":1,"minecraft:skeleton_skull":2,"minecraft:cobblestone":17,"minecraft:birch_log":2,"born_in_chaos_v1:corpse_maggot":1,"minecraft:feather":1,"minecraft:lilac":1,"born_in_chaos_v1:monster_flesh":3,"minecraft:potato":6,"minecraft:oak_log":11,"minecraft:yellow_bed":2,"minecraft:lapis_lazuli":1,"minecraft:dirt":69,"minecraft:lantern":4,"born_in_chaos_v1:monster_skin":10,"minecraft:cooked_mutton":6,"minecraft:red_carpet":1,"minecraft:bone":19,"minecraft:stone_bricks":18,"minecraft:wheat_seeds":83,"minecraft:iron_ingot":3,"minecraft:stone_pickaxe":2,"born_in_chaos_v1:ethereal_spirit":1,"minecraft:gravel":1,"minecraft:sand":15,"minecraft:dark_oak_log":1,"minecraft:stripped_spruce_log":6,"minecraft:spruce_log":6,"minecraft:spider_eye":4,"minecraft:polished_andesite":4,"naturalist:antler":4,"iceandfire:silver_sword":1,"minecraft:bread":17,"minecraft:light_gray_carpet":1,"minecraft:oak_sapling":2,"minecraft:coal":10},"minecraft:dropped":{"minecraft:iron_ingot":4,"naturalist:antler":4,"minecraft:wheat_seeds":84,"minecraft:weeping_vines":7,"minecraft:book":2,"minecraft:lantern":4,"minecraft:leather":2,"born_in_chaos_v1:pieceofdarkmetal":8,"minecraft:coal":2,"minecraft:item_frame":2,"born_in_chaos_v1:monster_flesh":2,"minecraft:dirt":4,"born_in_chaos_v1:monster_skin":10,"minecraft:torch":1,"minecraft:chain":10,"gravestone:obituary":32,"minecraft:oak_stairs":3,"minecraft:string":3,"minecraft:wheat":2,"minecraft:rotten_flesh":61,"born_in_chaos_v1:smoked_flesh":6,"minecraft:clay_ball":4,"minecraft:stone_slab":2,"born_in_chaos_v1:seedof_chaos":5,"minecraft:skeleton_skull":1,"luminousworld:groundpebbles_1":11,"minecraft:beetroot_seeds":5,"minecraft:chest":1,"minecraft:stone_brick_wall":1,"minecraft:oak_sapling":2,"minecraft:stone_bricks":9,"minecraft:spider_eye":11,"minecraft:spruce_slab":1,"minecraft:stone_pickaxe":1,"minecraft:wooden_pickaxe":2},"minecraft:killed":{"minecraft:cave_spider":4,"born_in_chaos_v1:restless_spirit":1,"born_in_chaos_v1:baby_skeleton_minion":1,"born_in_chaos_v1:maggot":2,"naturalist:snail":1,"minecraft:skeleton":1,"naturalist:deer":1,"minecraft:chicken":1,"luminousworld:firefly":1,"minecraft:pig":2,"born_in_chaos_v1:bone_imp_minion":1,"born_in_chaos_v1:baby_skeleton":1,"born_in_chaos_v1:decrepit_skeleton":8,"minecraft:zombie":6,"born_in_chaos_v1:dread_hound":3,"born_in_chaos_v1:corpse_fly":1,"minecraft:stray":2,"minecraft:cow":1},"minecraft:mined":{"luminousworld:groundpebbles_1":2,"minecraft:spruce_planks":1,"gravestone:gravestone":15,"minecraft:stone_brick_wall":4,"minecraft:grass_block":29,"minecraft:weeping_vines":3,"minecraft:coal_block":8,"minecraft:spruce_leaves":14,"minecraft:spawner":6,"minecraft:large_fern":5,"minecraft:hay_block":7,"minecraft:carrots":13,"minecraft:stripped_spruce_log":7,"minecraft:dirt_path":1,"minecraft:potatoes":5,"minecraft:oak_stairs":3,"minecraft:lantern":2,"minecraft:stone":18,"minecraft:iron_block":2,"minecraft:spruce_slab":1,"minecraft:oak_slab":1,"minecraft:light_gray_carpet":1,"minecraft:redstone_block":1,"minecraft:dandelion":1,"minecraft:clay":1,"minecraft:torch":4,"minecraft:chest":1,"minecraft:stone_slab":1,"minecraft:glass":1,"minecraft:tall_grass":6,"minecraft:wall_torch":2,"minecraft:skeleton_skull":2,"minecraft:chain":3,"minecraft:wheat":30,"minecraft:spruce_log":6,"minecraft:birch_leaves":1,"minecraft:yellow_bed":2,"minecraft:grass":23,"minecraft:oak_log":6,"minecraft:coal_ore":11,"minecraft:beetroots":2,"minecraft:sand":15,"minecraft:gravel":1,"minecraft:dirt":29,"minecraft:cobweb":2,"minecraft:stone_bricks":14,"minecraft:polished_andesite":4,"minecraft:oak_leaves":14,"minecraft:fern":3},"minecraft:used":{"minecraft:beetroot":1,"minecraft:stone_sword":136,"iceandfire:silver_sword":55,"minecraft:chest":1,"minecraft:spruce_planks":17,"minecraft:shield":73,"minecraft:iron_sword":148,"minecraft:dirt":65,"minecraft:glass":1,"born_in_chaos_v1:corpse_maggot":1,"minecraft:wooden_axe":39,"born_in_chaos_v1:smoked_flesh":1,"minecraft:red_carpet":1,"minecraft:bow":1,"minecraft:potato":11,"minecraft:cooked_beef":2,"minecraft:cooked_mutton":6,"minecraft:stone_pickaxe":79,"minecraft:polished_andesite":4,"minecraft:wooden_pickaxe":63,"minecraft:sand":2,"minecraft:crafting_table":2,"minecraft:stone_brick_wall":1,"minecraft:dark_oak_log":1,"born_in_chaos_v1:monster_flesh":1,"minecraft:bread":5,"minecraft:iron_pickaxe":1,"minecraft:stone_slab":1,"minecraft:gravel":1,"minecraft:cooked_porkchop":2,"minecraft:birch_log":2,"minecraft:bucket":1,"minecraft:yellow_bed":2,"alexsmobs:animal_dictionary":6,"minecraft:bone_meal":2},"minecraft:custom":{"minecraft:mob_kills":44,"minecraft:interact_with_crafting_table":23,"minecraft:open_barrel":15,"minecraft:damage_dealt_resisted":722,"minecraft:leave_game":4,"minecraft:time_since_death":85,"minecraft:climb_one_cm":3687,"minecraft:sprint_one_cm":164382,"minecraft:walk_one_cm":565001,"minecraft:damage_blocked_by_shield":850,"minecraft:drop":203,"minecraft:play_time":141190,"minecraft:deaths":29,"minecraft:sneak_time":433,"minecraft:walk_under_water_one_cm":25302,"minecraft:interact_with_brewingstand":2,"minecraft:jump":2353,"minecraft:walk_on_water_one_cm":30219,"minecraft:total_world_time":141190,"minecraft:interact_with_furnace":18,"minecraft:sleep_in_bed":5,"minecraft:time_since_rest":113,"minecraft:damage_taken":8828,"minecraft:damage_dealt":9077,"minecraft:swim_one_cm":10410,"minecraft:fly_one_cm":166093,"minecraft:open_chest":90,"minecraft:crouch_one_cm":1063,"minecraft:interact_with_smoker":14,"minecraft:fall_one_cm":53522},"minecraft:crafted":{"minecraft:oak_planks":24,"naturalist:cooked_venison":4,"minecraft:bone_meal":66,"minecraft:cooked_mutton":5,"minecraft:glass":13,"minecraft:bow":1,"minecraft:chest":2,"minecraft:wheat":63,"minecraft:cooked_beef":9,"minecraft:cooked_porkchop":2,"minecraft:crafting_table":2,"minecraft:spruce_planks":48,"travelersbackpack:backpack_tank":2,"minecraft:wooden_pickaxe":1,"minecraft:birch_planks":4,"minecraft:bread":34,"minecraft:shield":1,"minecraft:stick":8,"minecraft:iron_ingot":18,"minecraft:wooden_axe":1,"minecraft:torch":16}},"DataVersion":3465}