{"stats":{"minecraft:killed_by":{"born_in_chaos_v1:restless_spirit":1,"minecraft:stray":1,"minecraft:spider":1,"born_in_chaos_v1:decrepit_skeleton":4,"minecraft:cave_spider":5,"minecraft:skeleton":1,"minecraft:zombie":8,"born_in_chaos_v1:dread_hound":1,"minecraft:vex":2},"minecraft:broken":{"minecraft:stone_sword":1,"minecraft:wooden_pickaxe":1,"minecraft:stone_pickaxe":1,"minecraft:wooden_axe":1},"minecraft:dropped":{"minecraft:wheat_seeds":80,"minecraft:weeping_vines":1,"minecraft:lantern":4,"minecraft:coal":2,"minecraft:item_frame":2,"born_in_chaos_v1:monster_skin":10,"minecraft:torch":1,"minecraft:chain":4,"gravestone:obituary":22,"minecraft:oak_stairs":3,"minecraft:string":3,"minecraft:wheat":2,"minecraft:rotten_flesh":23,"born_in_chaos_v1:smoked_flesh":6,"born_in_chaos_v1:seedof_chaos":2,"minecraft:skeleton_skull":1,"minecraft:beetroot_seeds":5,"minecraft:chest":1,"minecraft:stone_brick_wall":1,"minecraft:oak_sapling":2,"minecraft:stone_bricks":9,"minecraft:spider_eye":2,"minecraft:spruce_slab":1,"minecraft:stone_pickaxe":1,"minecraft:wooden_pickaxe":2},"minecraft:picked_up":{"luminousworld:groundpebbles_1":2,"minecraft:wheat":28,"minecraft:chicken":1,"naturalist:venison":4,"born_in_chaos_v1:seedof_chaos":2,"minecraft:stone_slab":1,"minecraft:wooden_pickaxe":3,"minecraft:oak_stairs":3,"minecraft:stone_brick_wall":2,"minecraft:chain":4,"gravestone:obituary":25,"minecraft:string":12,"minecraft:item_frame":2,"minecraft:beetroot":1,"minecraft:bucket":1,"minecraft:spruce_planks":15,"minecraft:beef":1,"minecraft:poppy":1,"minecraft:spruce_slab":1,"minecraft:coal_block":8,"minecraft:chest":2,"minecraft:tipped_arrow":1,"minecraft:stick":2,"born_in_chaos_v1:shattered_skull":4,"minecraft:torch":6,"minecraft:porkchop":2,"minecraft:carrot":13,"minecraft:stone_sword":1,"minecraft:arrow":4,"minecraft:weeping_vines":6,"minecraft:rotten_flesh":27,"minecraft:beetroot_seeds":5,"minecraft:peony":1,"minecraft:hay_block":7,"minecraft:iron_block":2,"minecraft:gold_ingot":1,"minecraft:skeleton_skull":2,"minecraft:cobblestone":17,"born_in_chaos_v1:corpse_maggot":1,"minecraft:feather":1,"minecraft:lilac":1,"born_in_chaos_v1:monster_flesh":3,"minecraft:potato":6,"minecraft:oak_log":11,"minecraft:yellow_bed":1,"minecraft:lapis_lazuli":1,"minecraft:dirt":20,"minecraft:lantern":4,"born_in_chaos_v1:monster_skin":10,"minecraft:cooked_mutton":6,"minecraft:red_carpet":1,"minecraft:bone":19,"minecraft:stone_bricks":18,"minecraft:wheat_seeds":81,"minecraft:iron_ingot":2,"minecraft:stone_pickaxe":2,"born_in_chaos_v1:ethereal_spirit":1,"minecraft:gravel":1,"minecraft:stripped_spruce_log":6,"minecraft:spruce_log":6,"minecraft:spider_eye":4,"minecraft:polished_andesite":4,"naturalist:antler":2,"iceandfire:silver_sword":1,"minecraft:bread":17,"minecraft:light_gray_carpet":1,"minecraft:oak_sapling":2,"minecraft:coal":10},"minecraft:killed":{"minecraft:cave_spider":4,"born_in_chaos_v1:restless_spirit":1,"born_in_chaos_v1:baby_skeleton_minion":1,"born_in_chaos_v1:maggot":2,"naturalist:snail":1,"minecraft:skeleton":1,"naturalist:deer":1,"minecraft:chicken":1,"luminousworld:firefly":1,"minecraft:pig":2,"born_in_chaos_v1:baby_skeleton":1,"born_in_chaos_v1:decrepit_skeleton":8,"minecraft:zombie":6,"born_in_chaos_v1:dread_hound":3,"minecraft:stray":2,"minecraft:cow":1},"minecraft:mined":{"luminousworld:groundpebbles_1":2,"minecraft:spruce_planks":1,"gravestone:gravestone":12,"minecraft:stone_brick_wall":4,"minecraft:grass_block":12,"minecraft:weeping_vines":3,"minecraft:coal_block":8,"minecraft:spruce_leaves":14,"minecraft:spawner":6,"minecraft:large_fern":5,"minecraft:hay_block":7,"minecraft:carrots":13,"minecraft:stripped_spruce_log":7,"minecraft:potatoes":5,"minecraft:oak_stairs":3,"minecraft:lantern":2,"minecraft:stone":18,"minecraft:iron_block":2,"minecraft:spruce_slab":1,"minecraft:oak_slab":1,"minecraft:light_gray_carpet":1,"minecraft:redstone_block":1,"minecraft:dandelion":1,"minecraft:torch":4,"minecraft:chest":1,"minecraft:stone_slab":1,"minecraft:tall_grass":4,"minecraft:wall_torch":2,"minecraft:skeleton_skull":2,"minecraft:chain":2,"minecraft:wheat":30,"minecraft:spruce_log":6,"minecraft:birch_leaves":1,"minecraft:yellow_bed":1,"minecraft:grass":22,"minecraft:oak_log":6,"minecraft:coal_ore":11,"minecraft:beetroots":2,"minecraft:gravel":1,"minecraft:dirt":11,"minecraft:cobweb":2,"minecraft:stone_bricks":14,"minecraft:polished_andesite":4,"minecraft:oak_leaves":10,"minecraft:fern":3},"minecraft:used":{"minecraft:beetroot":1,"minecraft:stone_sword":136,"iceandfire:silver_sword":55,"minecraft:chest":1,"minecraft:spruce_planks":17,"minecraft:shield":67,"minecraft:iron_sword":121,"minecraft:dirt":20,"minecraft:wooden_axe":39,"minecraft:red_carpet":1,"minecraft:bow":1,"minecraft:potato":2,"minecraft:cooked_beef":2,"minecraft:cooked_mutton":6,"minecraft:stone_pickaxe":79,"minecraft:polished_andesite":4,"minecraft:wooden_pickaxe":63,"minecraft:crafting_table":2,"minecraft:stone_brick_wall":1,"minecraft:bread":5,"minecraft:stone_slab":1,"minecraft:gravel":1,"minecraft:cooked_porkchop":2,"minecraft:bucket":1,"alexsmobs:animal_dictionary":6},"minecraft:custom":{"minecraft:mob_kills":41,"minecraft:interact_with_crafting_table":14,"minecraft:open_barrel":15,"minecraft:damage_dealt_resisted":568,"minecraft:leave_game":4,"minecraft:time_since_death":595,"minecraft:climb_one_cm":3687,"minecraft:sprint_one_cm":94019,"minecraft:walk_one_cm":459800,"minecraft:damage_blocked_by_shield":740,"minecraft:drop":85,"minecraft:play_time":99190,"minecraft:deaths":24,"minecraft:sneak_time":360,"minecraft:walk_under_water_one_cm":15071,"minecraft:interact_with_brewingstand":2,"minecraft:jump":1655,"minecraft:walk_on_water_one_cm":24864,"minecraft:total_world_time":99190,"minecraft:interact_with_furnace":8,"minecraft:sleep_in_bed":1,"minecraft:time_since_rest":631,"minecraft:damage_taken":7331,"minecraft:damage_dealt":8463,"minecraft:swim_one_cm":3587,"minecraft:fly_one_cm":96361,"minecraft:open_chest":37,"minecraft:crouch_one_cm":951,"minecraft:interact_with_smoker":5,"minecraft:fall_one_cm":31478},"minecraft:crafted":{"minecraft:oak_planks":24,"minecraft:bone_meal":66,"minecraft:bow":1,"minecraft:wheat":63,"minecraft:cooked_beef":2,"minecraft:cooked_porkchop":2,"minecraft:crafting_table":2,"minecraft:spruce_planks":48,"minecraft:wooden_pickaxe":1,"minecraft:bread":31,"minecraft:shield":1,"minecraft:stick":8,"minecraft:iron_ingot":18,"minecraft:wooden_axe":1,"minecraft:torch":16}},"DataVersion":3465}