{"stats":{"minecraft:killed_by":{"born_in_chaos_v1:restless_spirit":1,"born_in_chaos_v1:nightmare_stalker":1,"iceandfire:cyclops":3,"minecraft:stray":1,"minecraft:spider":1,"born_in_chaos_v1:bone_imp_minion":2,"born_in_chaos_v1:decrepit_skeleton":4,"minecraft:cave_spider":5,"iceandfire:ice_dragon":3,"minecraft:skeleton":3,"minecraft:zombie":9,"born_in_chaos_v1:dread_hound":1,"minecraft:vex":2},"minecraft:broken":{"minecraft:stone_sword":1,"minecraft:wooden_pickaxe":1,"minecraft:stone_pickaxe":1,"minecraft:shield":1,"minecraft:wooden_axe":1},"minecraft:picked_up":{"luminousworld:groundpebbles_1":10,"minecraft:wheat":28,"minecraft:chicken":1,"minecraft:clay_ball":4,"minecraft:flower_pot":2,"naturalist:venison":4,"born_in_chaos_v1:seedof_chaos":3,"minecraft:stone_slab":2,"minecraft:wooden_pickaxe":3,"minecraft:brown_bed":1,"minecraft:oak_stairs":3,"minecraft:stone_brick_wall":2,"gravestone:obituary":30,"minecraft:chain":8,"minecraft:cornflower":2,"minecraft:string":14,"minecraft:item_frame":2,"minecraft:armor_stand":1,"minecraft:beetroot":1,"minecraft:bucket":1,"minecraft:spruce_planks":16,"minecraft:beef":1,"minecraft:poppy":2,"minecraft:spruce_slab":1,"minecraft:enchanted_golden_apple":1,"minecraft:coal_block":8,"minecraft:chest":4,"minecraft:tipped_arrow":15,"minecraft:stick":33,"born_in_chaos_v1:shattered_skull":9,"minecraft:torch":9,"minecraft:spruce_stairs":2,"minecraft:porkchop":2,"born_in_chaos_v1:pieceofdarkmetal":7,"minecraft:carrot":13,"minecraft:weeping_vines":9,"minecraft:stone_sword":1,"minecraft:arrow":4,"minecraft:rotten_flesh":29,"minecraft:beetroot_seeds":5,"minecraft:peony":1,"minecraft:hay_block":7,"minecraft:red_tulip":1,"minecraft:iron_block":2,"minecraft:gold_ingot":1,"minecraft:mutton":4,"minecraft:stripped_oak_log":2,"minecraft:skeleton_skull":2,"minecraft:cobblestone":17,"minecraft:oxeye_daisy":2,"minecraft:birch_log":2,"born_in_chaos_v1:corpse_maggot":1,"minecraft:feather":1,"minecraft:lilac":1,"born_in_chaos_v1:monster_flesh":3,"minecraft:water_bucket":1,"minecraft:leather":2,"minecraft:potato":6,"alexsmobs:bison_fur":2,"minecraft:flint":1,"minecraft:oak_log":22,"minecraft:yellow_bed":4,"minecraft:gunpowder":12,"minecraft:lapis_lazuli":3,"minecraft:dirt":106,"minecraft:lantern":4,"born_in_chaos_v1:monster_skin":16,"minecraft:cooked_mutton":6,"minecraft:red_carpet":1,"minecraft:bone":108,"minecraft:stone_bricks":18,"minecraft:wheat_seeds":88,"minecraft:iron_ingot":12,"minecraft:stone_pickaxe":2,"born_in_chaos_v1:spiritual_sword":1,"minecraft:oak_planks":1,"minecraft:oak_slab":1,"minecraft:sweet_berries":29,"patchouli:guide_book":2,"born_in_chaos_v1:ethereal_spirit":6,"minecraft:gravel":1,"minecraft:sand":15,"minecraft:stripped_spruce_log":6,"travelersbackpack:blue_sleeping_bag":1,"minecraft:white_bed":1,"minecraft:spruce_log":6,"minecraft:dark_oak_log":1,"minecraft:spider_eye":4,"alexsmobs:animal_dictionary":2,"minecraft:polished_andesite":4,"minecraft:slime_ball":1,"naturalist:antler":4,"minecraft:diamond":6,"iceandfire:silver_sword":1,"minecraft:iron_helmet":1,"minecraft:bone_meal":64,"minecraft:spruce_sign":6,"minecraft:bread":17,"minecraft:emerald":28,"minecraft:oak_sapling":2,"minecraft:light_gray_carpet":1,"minecraft:coal":10,"minecraft:ender_pearl":5},"minecraft:dropped":{"minecraft:spruce_sign":4,"minecraft:iron_ingot":4,"naturalist:antler":4,"minecraft:wheat_seeds":145,"minecraft:oak_log":6,"minecraft:weeping_vines":7,"minecraft:feather":1,"minecraft:book":2,"minecraft:lantern":4,"minecraft:leather":3,"travelersbackpack:blue_sleeping_bag":1,"born_in_chaos_v1:pieceofdarkmetal":11,"minecraft:coal":2,"minecraft:item_frame":2,"born_in_chaos_v1:monster_flesh":2,"minecraft:dirt":5,"born_in_chaos_v1:monster_skin":10,"minecraft:torch":1,"minecraft:chain":11,"gravestone:obituary":45,"minecraft:oak_stairs":3,"minecraft:string":5,"minecraft:bone":2,"minecraft:wheat":2,"minecraft:rotten_flesh":62,"born_in_chaos_v1:smoked_flesh":6,"minecraft:clay_ball":4,"minecraft:stone_slab":2,"minecraft:flower_pot":1,"luminousworld:groundpebbles_1":15,"born_in_chaos_v1:seedof_chaos":6,"minecraft:gunpowder":2,"minecraft:chest":1,"minecraft:stone_brick_wall":1,"minecraft:skeleton_skull":1,"minecraft:beetroot_seeds":5,"minecraft:oak_sapling":2,"minecraft:spider_eye":11,"minecraft:stone_bricks":9,"minecraft:slime_ball":1,"minecraft:spruce_slab":1,"minecraft:wooden_pickaxe":2,"minecraft:stone_pickaxe":1,"minecraft:red_tulip":1},"minecraft:killed":{"minecraft:cave_spider":4,"born_in_chaos_v1:restless_spirit":1,"alexsmobs:raccoon":1,"minecraft:spider":1,"born_in_chaos_v1:baby_skeleton_minion":2,"born_in_chaos_v1:maggot":2,"naturalist:snail":2,"minecraft:skeleton":1,"naturalist:deer":1,"minecraft:chicken":1,"luminousworld:firefly":1,"minecraft:pig":2,"born_in_chaos_v1:bone_imp_minion":1,"born_in_chaos_v1:baby_skeleton":1,"born_in_chaos_v1:decrepit_skeleton":8,"minecraft:zombie":6,"born_in_chaos_v1:dread_hound":3,"alexsmobs:terrapin":1,"born_in_chaos_v1:corpse_fly":1,"minecraft:stray":2,"alexsmobs:crow":1,"minecraft:cow":1},"minecraft:mined":{"luminousworld:groundpebbles_1":2,"minecraft:spruce_planks":1,"gravestone:gravestone":24,"minecraft:stone_brick_wall":4,"minecraft:grass_block":42,"minecraft:weeping_vines":3,"minecraft:redstone_wire":1,"minecraft:coal_block":8,"minecraft:spruce_leaves":14,"minecraft:oxeye_daisy":1,"luminousworld:groundpebbles_3":1,"minecraft:spawner":6,"minecraft:large_fern":5,"minecraft:hay_block":7,"minecraft:carrots":13,"minecraft:stripped_spruce_log":7,"minecraft:potatoes":5,"minecraft:dirt_path":1,"minecraft:oak_stairs":3,"minecraft:lantern":2,"minecraft:stone":18,"minecraft:iron_block":2,"minecraft:spruce_slab":1,"minecraft:oak_slab":1,"minecraft:light_gray_carpet":1,"minecraft:redstone_block":1,"minecraft:dandelion":1,"minecraft:clay":1,"minecraft:cornflower":2,"minecraft:torch":4,"minecraft:poppy":1,"minecraft:chest":1,"minecraft:stone_slab":1,"minecraft:glass":2,"minecraft:tall_grass":12,"minecraft:wall_torch":2,"minecraft:skeleton_skull":2,"minecraft:chain":3,"minecraft:wheat":30,"minecraft:spruce_log":6,"minecraft:birch_leaves":1,"minecraft:yellow_bed":3,"minecraft:grass":57,"minecraft:oak_log":6,"minecraft:coal_ore":11,"minecraft:beetroots":2,"minecraft:sand":15,"minecraft:gravel":1,"minecraft:dirt":40,"minecraft:cobweb":2,"minecraft:stone_bricks":14,"minecraft:polished_andesite":4,"minecraft:potted_red_tulip":1,"minecraft:oak_leaves":16,"minecraft:fern":6},"minecraft:used":{"minecraft:beetroot":1,"minecraft:stone_sword":136,"iceandfire:silver_sword":55,"minecraft:flint_and_steel":4,"minecraft:chest":1,"minecraft:spruce_planks":17,"minecraft:shield":133,"minecraft:iron_sword":184,"minecraft:dirt":78,"minecraft:mutton":4,"minecraft:glass":2,"born_in_chaos_v1:corpse_maggot":3,"minecraft:wooden_axe":39,"born_in_chaos_v1:smoked_flesh":1,"minecraft:iron_helmet":2,"minecraft:red_carpet":1,"minecraft:bow":8,"minecraft:cooked_beef":2,"minecraft:potato":11,"minecraft:brown_bed":1,"minecraft:cooked_mutton":6,"minecraft:polished_andesite":4,"minecraft:stone_pickaxe":79,"minecraft:wooden_pickaxe":63,"minecraft:sand":2,"minecraft:crafting_table":2,"minecraft:white_bed":1,"minecraft:stone_brick_wall":1,"minecraft:dark_oak_log":1,"born_in_chaos_v1:monster_flesh":1,"minecraft:bread":7,"minecraft:iron_pickaxe":1,"minecraft:stone_slab":1,"minecraft:gravel":1,"minecraft:cooked_porkchop":2,"minecraft:bucket":1,"minecraft:yellow_bed":3,"minecraft:birch_log":2,"alexsmobs:animal_dictionary":6,"minecraft:bone_meal":2},"minecraft:custom":{"minecraft:mob_kills":50,"minecraft:interact_with_crafting_table":30,"minecraft:open_barrel":18,"minecraft:damage_dealt_resisted":811,"minecraft:leave_game":5,"minecraft:time_since_death":7128,"minecraft:climb_one_cm":4616,"minecraft:sprint_one_cm":337974,"minecraft:walk_one_cm":730249,"minecraft:damage_blocked_by_shield":994,"minecraft:drop":310,"minecraft:play_time":189056,"minecraft:deaths":40,"minecraft:sneak_time":458,"minecraft:walk_under_water_one_cm":30378,"minecraft:interact_with_brewingstand":2,"minecraft:jump":3674,"minecraft:interact_with_blast_furnace":3,"minecraft:walk_on_water_one_cm":32710,"minecraft:total_world_time":189056,"minecraft:interact_with_furnace":19,"minecraft:sleep_in_bed":7,"minecraft:time_since_rest":1806,"minecraft:waystone_activated":1,"minecraft:damage_taken":11776,"minecraft:damage_dealt":10169,"minecraft:fly_one_cm":417254,"minecraft:swim_one_cm":10410,"minecraft:open_chest":125,"minecraft:crouch_one_cm":1063,"minecraft:interact_with_smoker":16,"minecraft:fall_one_cm":106707},"minecraft:crafted":{"minecraft:oak_planks":24,"naturalist:cooked_venison":4,"minecraft:bone_meal":66,"minecraft:cooked_mutton":5,"minecraft:flint_and_steel":1,"minecraft:glass":13,"minecraft:bow":1,"minecraft:chest":2,"minecraft:wheat":63,"minecraft:cooked_beef":9,"minecraft:red_dye":2,"minecraft:cooked_porkchop":2,"minecraft:crafting_table":2,"minecraft:spruce_planks":48,"travelersbackpack:backpack_tank":2,"minecraft:wooden_pickaxe":1,"minecraft:red_wool":2,"travelersbackpack:blue_sleeping_bag":1,"minecraft:birch_planks":4,"minecraft:bread":34,"travelersbackpack:red_sleeping_bag":1,"minecraft:blue_dye":2,"minecraft:white_wool":6,"minecraft:shield":1,"minecraft:stick":8,"minecraft:iron_ingot":18,"minecraft:wooden_axe":1,"minecraft:blue_wool":2,"minecraft:torch":16}},"DataVersion":3465}