{"stats":{"minecraft:used":{"minecraft:beetroot":21,"minecraft:chest":1,"minecraft:shield":160,"minecraft:iron_sword":336,"minecraft:grass":1,"minecraft:mutton":4,"born_in_chaos_v1:corpse_maggot":5,"minecraft:glass":2,"born_in_chaos_v1:smoked_flesh":1,"minecraft:lava_bucket":15,"minecraft:iron_helmet":2,"orcz:orcagaric":4,"minecraft:red_carpet":1,"minecraft:bow":15,"minecraft:sweet_berries":41,"minecraft:skeleton_skull":1,"minecraft:potato":20,"minecraft:stone_pickaxe":79,"minecraft:oak_planks":12,"minecraft:wooden_pickaxe":63,"minecraft:sand":5,"minecraft:stone_brick_wall":1,"born_in_chaos_v1:spiritual_sword":2,"minecraft:dark_oak_log":1,"born_in_chaos_v1:monster_flesh":1,"minecraft:bread":25,"minecraft:gravel":3,"minecraft:andesite":25,"minecraft:birch_log":2,"minecraft:coarse_dirt":2,"minecraft:bone_meal":2,"minecraft:stone_sword":136,"iceandfire:silver_sword":267,"minecraft:flint_and_steel":4,"born_in_chaos_v1:ethereal_spirit":8,"minecraft:carved_pumpkin":2,"minecraft:spruce_planks":17,"minecraft:torch":46,"minecraft:dirt":109,"luminousworld:grassflowers":1,"orcz:palisadedarkoak":2,"minecraft:wooden_axe":39,"minecraft:iron_axe":11,"luminousworld:blue_petunias":1,"minecraft:cooked_beef":2,"minecraft:brown_bed":1,"minecraft:wheat_seeds":55,"minecraft:cooked_mutton":6,"minecraft:water_bucket":3,"minecraft:polished_andesite":4,"minecraft:spruce_sign":2,"luminousworld:white_petunias":1,"minecraft:crafting_table":4,"minecraft:white_bed":1,"minecraft:apple":1,"minecraft:iron_pickaxe":105,"minecraft:stone_slab":1,"minecraft:stone_axe":67,"minecraft:cobblestone":40,"travelersbackpack:standard":20,"minecraft:cooked_porkchop":2,"minecraft:bucket":23,"minecraft:yellow_bed":3,"alexsmobs:animal_dictionary":6},"minecraft:mined":{"luminousworld:white_petunias":1,"minecraft:dark_oak_planks":1,"minecraft:spruce_planks":1,"orcz:palisadedarkoak":3,"minecraft:carved_pumpkin":2,"minecraft:grass_block":50,"minecraft:stone_brick_wall":4,"minecraft:coal_block":8,"minecraft:oxeye_daisy":1,"minecraft:spawner":6,"minecraft:iron_ore":20,"minecraft:dirt_path":1,"minecraft:oak_stairs":3,"minecraft:blue_orchid":1,"minecraft:iron_block":2,"minecraft:spruce_slab":1,"minecraft:tripwire":2,"minecraft:clay":1,"minecraft:torch":6,"minecraft:poppy":2,"minecraft:chest":2,"minecraft:glass":2,"minecraft:cobblestone":12,"minecraft:oak_planks":2,"minecraft:wall_torch":5,"minecraft:skeleton_skull":3,"minecraft:chain":3,"minecraft:wheat":135,"minecraft:grass":327,"minecraft:oak_log":7,"minecraft:beetroots":105,"minecraft:sand":15,"minecraft:dirt":52,"luminousworld:grassvariant_3":7,"minecraft:potted_red_tulip":1,"minecraft:oak_leaves":17,"luminousworld:groundpebbles_1":2,"iceandfire:silver_ore":8,"luminousworld:blue_petunias":1,"gravestone:gravestone":40,"minecraft:dark_oak_fence":2,"minecraft:weeping_vines":3,"minecraft:redstone_wire":1,"luminousworld:grassvariant_2":8,"minecraft:spruce_leaves":15,"luminousworld:groundpebbles_3":2,"minecraft:large_fern":11,"minecraft:hay_block":7,"minecraft:carrots":13,"minecraft:nether_sprouts":1,"minecraft:andesite":21,"minecraft:stripped_spruce_log":7,"minecraft:potatoes":5,"minecraft:lantern":2,"minecraft:stone":49,"minecraft:oak_slab":1,"minecraft:light_gray_carpet":1,"minecraft:redstone_block":1,"minecraft:dandelion":1,"minecraft:crafting_table":1,"minecraft:cornflower":3,"minecraft:stone_slab":1,"luminousworld:grassflowers":2,"minecraft:tall_grass":74,"minecraft:coarse_dirt":3,"minecraft:sweet_berry_bush":9,"minecraft:spruce_log":6,"minecraft:birch_leaves":2,"minecraft:yellow_bed":3,"minecraft:coal_ore":20,"minecraft:gravel":4,"minecraft:cobweb":2,"minecraft:stone_bricks":14,"minecraft:polished_andesite":4,"minecraft:fern":20},"minecraft:broken":{"minecraft:leather_leggings":1,"minecraft:stone_pickaxe":1,"minecraft:stone_axe":1,"minecraft:iron_sword":1,"minecraft:wooden_axe":1,"minecraft:stone_sword":1,"minecraft:wooden_pickaxe":1,"minecraft:shield":1},"minecraft:killed_by":{"iceandfire:cyclops":4,"born_in_chaos_v1:nightmare_stalker":8,"born_in_chaos_v1:bone_imp_minion":2,"alexsmobs:tusklin":2,"minecraft:cave_spider":5,"iceandfire:ice_dragon":3,"minecraft:zombie":10,"iceandfire:fire_dragon":1,"minecraft:vex":2,"minecraft:player":1,"born_in_chaos_v1:restless_spirit":1,"minecraft:stray":1,"minecraft:spider":1,"alexsmobs:bison":2,"born_in_chaos_v1:decrepit_skeleton":4,"minecraft:skeleton":3,"born_in_chaos_v1:missioner":1,"born_in_chaos_v1:dread_hound":2},"minecraft:killed":{"minecraft:cave_spider":4,"born_in_chaos_v1:restless_spirit":1,"minecraft:spider":2,"born_in_chaos_v1:siamese_skeletonsright":1,"born_in_chaos_v1:baby_skeleton_minion":2,"naturalist:snail":2,"minecraft:skeleton":1,"minecraft:chicken":1,"orcz:squig":2,"minecraft:pig":2,"orcz:goblinsavagemace":1,"minecraft:pillager":1,"minecraft:zombie":7,"born_in_chaos_v1:dread_hound":3,"alexsmobs:terrapin":1,"born_in_chaos_v1:corpse_fly":1,"orcz:bigorcboss":1,"minecraft:stray":2,"orcz:snot":6,"minecraft:cow":1,"alexsmobs:raccoon":1,"luminousworld:swallowtail":1,"born_in_chaos_v1:maggot":5,"naturalist:deer":1,"orcz:orcsavagemace":1,"luminousworld:firefly":1,"born_in_chaos_v1:bone_imp_minion":1,"born_in_chaos_v1:baby_skeleton":2,"minecraft:bat":1,"born_in_chaos_v1:decrepit_skeleton":8,"born_in_chaos_v1:dark_vortex":1,"alexsmobs:crow":1},"minecraft:picked_up":{"minecraft:wheat":57,"minecraft:flower_pot":2,"minecraft:smithing_table":1,"minecraft:stone_slab":2,"minecraft:oak_stairs":3,"minecraft:brown_bed":1,"minecraft:string":34,"minecraft:armor_stand":1,"minecraft:beetroot":92,"minecraft:bucket":2,"minecraft:spruce_planks":16,"minecraft:enchanted_golden_apple":1,"minecraft:coal_block":12,"minecraft:stick":33,"minecraft:tipped_arrow":15,"born_in_chaos_v1:shattered_skull":9,"minecraft:torch":52,"minecraft:spruce_stairs":2,"minecraft:porkchop":2,"orcz:squigs_claws":4,"orcz:palisadedarkoak":2,"minecraft:brown_carpet":1,"luminousworld:grassflowers":1,"minecraft:stone_sword":1,"minecraft:rotten_flesh":32,"minecraft:iron_block":2,"minecraft:red_tulip":1,"minecraft:carved_pumpkin":2,"minecraft:cobblestone":60,"minecraft:birch_log":2,"minecraft:feather":2,"minecraft:lilac":1,"orcz:orcteeth":21,"minecraft:water_bucket":1,"minecraft:andesite":77,"minecraft:potato":6,"alexsmobs:bison_fur":2,"minecraft:flint":1,"minecraft:lapis_lazuli":3,"minecraft:dirt":120,"minecraft:lantern":5,"born_in_chaos_v1:monster_skin":16,"minecraft:bone":123,"minecraft:wheat_seeds":284,"minecraft:oak_planks":5,"patchouli:guide_book":2,"orcz:orcagaric":4,"minecraft:sand":18,"minecraft:stripped_spruce_log":6,"minecraft:dark_oak_log":1,"alexsmobs:animal_dictionary":2,"minecraft:polished_andesite":4,"naturalist:antler":4,"minecraft:diamond":15,"waystones:waystone":1,"minecraft:grass":1,"minecraft:bone_meal":68,"minecraft:spruce_sign":6,"minecraft:bread":17,"minecraft:emerald":31,"minecraft:light_gray_carpet":1,"minecraft:oak_sapling":4,"minecraft:dark_oak_fence":2,"minecraft:oak_leaves":27,"iceandfire:raw_silver":8,"luminousworld:groundpebbles_1":11,"minecraft:coarse_dirt":2,"minecraft:crafting_table":1,"minecraft:chicken":2,"minecraft:clay_ball":4,"naturalist:venison":4,"born_in_chaos_v1:seedof_chaos":3,"minecraft:wooden_pickaxe":3,"minecraft:stone_brick_wall":2,"minecraft:chain":8,"gravestone:obituary":45,"minecraft:cornflower":2,"minecraft:item_frame":2,"minecraft:beef":1,"minecraft:poppy":2,"minecraft:spruce_slab":1,"minecraft:birch_sapling":1,"minecraft:chest":5,"minecraft:egg":1,"minecraft:raw_iron":18,"luminousworld:blue_petunias":1,"orcz:orchorn":1,"born_in_chaos_v1:pieceofdarkmetal":7,"minecraft:carrot":13,"minecraft:dark_oak_planks":1,"minecraft:arrow":4,"minecraft:weeping_vines":9,"minecraft:beetroot_seeds":466,"minecraft:peony":1,"minecraft:hay_block":75,"minecraft:gold_ingot":1,"minecraft:mutton":4,"minecraft:skeleton_skull":3,"minecraft:oxeye_daisy":2,"born_in_chaos_v1:fused_bone":2,"minecraft:stripped_oak_log":2,"born_in_chaos_v1:corpse_maggot":3,"minecraft:clock":1,"born_in_chaos_v1:monster_flesh":3,"minecraft:leather":2,"minecraft:oak_log":33,"minecraft:yellow_bed":4,"minecraft:gunpowder":22,"minecraft:cooked_mutton":6,"minecraft:red_carpet":1,"minecraft:stone_bricks":18,"minecraft:iron_ingot":12,"minecraft:stone_pickaxe":2,"born_in_chaos_v1:spiritual_sword":1,"luminousworld:white_petunias":1,"minecraft:oak_slab":1,"minecraft:sweet_berries":29,"born_in_chaos_v1:ethereal_spirit":12,"minecraft:dandelion":1,"minecraft:gravel":3,"born_in_chaos_v1:dark_rod":1,"travelersbackpack:blue_sleeping_bag":1,"minecraft:white_bed":2,"minecraft:spruce_log":6,"minecraft:spider_eye":4,"minecraft:slime_ball":1,"minecraft:stone_axe":1,"iceandfire:silver_sword":1,"minecraft:iron_helmet":1,"minecraft:coal":65,"minecraft:ender_pearl":5},"minecraft:crafted":{"minecraft:oak_planks":52,"naturalist:cooked_venison":4,"minecraft:cooked_mutton":5,"minecraft:glass":13,"minecraft:bow":1,"minecraft:chest":2,"minecraft:cooked_porkchop":2,"minecraft:crafting_table":3,"minecraft:spruce_planks":48,"minecraft:wooden_pickaxe":1,"travelersbackpack:standard":1,"minecraft:red_wool":2,"travelersbackpack:blue_sleeping_bag":1,"minecraft:birch_planks":4,"travelersbackpack:red_sleeping_bag":1,"orcz:great_jungle_armour_helmet":1,"minecraft:shield":2,"minecraft:stick":8,"minecraft:iron_ingot":29,"minecraft:bone_meal":66,"minecraft:flint_and_steel":1,"minecraft:iron_axe":1,"minecraft:wheat":63,"minecraft:cooked_beef":9,"minecraft:red_dye":2,"travelersbackpack:backpack_tank":2,"orcz:great_jungle_armour_leggings":1,"minecraft:bucket":1,"orcz:great_jungle_armour_chestplate":1,"minecraft:bread":43,"minecraft:blue_dye":2,"minecraft:white_wool":6,"minecraft:wooden_axe":1,"minecraft:blue_wool":2,"minecraft:torch":16},"minecraft:dropped":{"minecraft:spruce_sign":4,"naturalist:antler":4,"minecraft:oak_log":15,"minecraft:weeping_vines":7,"minecraft:lantern":5,"minecraft:leather":4,"travelersbackpack:blue_sleeping_bag":1,"born_in_chaos_v1:pieceofdarkmetal":11,"minecraft:item_frame":2,"born_in_chaos_v1:monster_flesh":2,"minecraft:dirt":5,"born_in_chaos_v1:monster_skin":10,"minecraft:chain":11,"gravestone:obituary":87,"minecraft:bone_meal":4,"minecraft:bone":3,"minecraft:birch_sapling":1,"minecraft:wheat":2,"born_in_chaos_v1:ethereal_spirit":6,"minecraft:beetroot":9,"minecraft:rotten_flesh":65,"born_in_chaos_v1:smoked_flesh":6,"minecraft:oak_planks":11,"born_in_chaos_v1:seedof_chaos":6,"minecraft:gunpowder":12,"minecraft:skeleton_skull":1,"minecraft:beetroot_seeds":466,"minecraft:stone_brick_wall":1,"minecraft:chest":1,"minecraft:spruce_slab":1,"minecraft:iron_ingot":4,"minecraft:oak_slab":1,"minecraft:wheat_seeds":229,"minecraft:feather":1,"minecraft:book":2,"minecraft:apple":5,"minecraft:spruce_stairs":2,"minecraft:coal":2,"minecraft:oxeye_daisy":1,"minecraft:torch":2,"minecraft:oak_stairs":3,"minecraft:string":13,"minecraft:dandelion":1,"minecraft:chicken":1,"minecraft:clay_ball":4,"minecraft:stripped_oak_log":2,"minecraft:stone_slab":2,"minecraft:flower_pot":2,"orcz:orcteeth":21,"minecraft:spruce_planks":1,"luminousworld:groundpebbles_1":17,"minecraft:oak_sapling":4,"minecraft:spider_eye":11,"minecraft:stone_bricks":9,"minecraft:brown_carpet":1,"minecraft:slime_ball":1,"minecraft:stone_pickaxe":1,"minecraft:wooden_pickaxe":2,"minecraft:red_tulip":1},"minecraft:custom":{"minecraft:interact_with_crafting_table":51,"minecraft:open_barrel":18,"minecraft:leave_game":8,"minecraft:time_since_death":10665,"minecraft:sprint_one_cm":761981,"minecraft:damage_blocked_by_shield":2044,"minecraft:drop":821,"minecraft:play_time":369318,"minecraft:deaths":61,"minecraft:jump":7328,"minecraft:interact_with_brewingstand":2,"minecraft:walk_on_water_one_cm":53034,"minecraft:interact_with_furnace":26,"minecraft:sleep_in_bed":17,"minecraft:waystone_activated":2,"minecraft:damage_dealt":15414,"minecraft:player_kills":1,"minecraft:crouch_one_cm":5207,"minecraft:interact_with_smoker":16,"minecraft:interact_with_smithing_table":1,"minecraft:mob_kills":76,"minecraft:damage_dealt_resisted":929,"minecraft:climb_one_cm":6544,"minecraft:walk_one_cm":1385667,"minecraft:sneak_time":2016,"minecraft:walk_under_water_one_cm":44320,"minecraft:interact_with_blast_furnace":3,"minecraft:total_world_time":369318,"minecraft:interact_with_grindstone":1,"minecraft:time_since_rest":223,"minecraft:damage_taken":18282,"minecraft:swim_one_cm":60156,"minecraft:fly_one_cm":951113,"minecraft:open_chest":168,"minecraft:fall_one_cm":203007}},"DataVersion":3465}