{"stats":{"minecraft:used":{"minecraft:beetroot":18,"minecraft:chest":1,"minecraft:shield":156,"minecraft:iron_sword":336,"minecraft:mutton":4,"born_in_chaos_v1:corpse_maggot":3,"minecraft:glass":2,"born_in_chaos_v1:smoked_flesh":1,"minecraft:lava_bucket":15,"minecraft:iron_helmet":2,"minecraft:red_carpet":1,"minecraft:bow":15,"minecraft:sweet_berries":13,"minecraft:skeleton_skull":1,"minecraft:potato":20,"minecraft:stone_pickaxe":79,"minecraft:oak_planks":4,"minecraft:wooden_pickaxe":63,"minecraft:sand":2,"minecraft:stone_brick_wall":1,"minecraft:dark_oak_log":1,"born_in_chaos_v1:monster_flesh":1,"minecraft:bread":20,"minecraft:gravel":2,"minecraft:andesite":1,"minecraft:birch_log":2,"minecraft:coarse_dirt":2,"minecraft:bone_meal":2,"minecraft:stone_sword":136,"iceandfire:silver_sword":149,"minecraft:flint_and_steel":4,"minecraft:carved_pumpkin":2,"minecraft:spruce_planks":17,"minecraft:torch":22,"minecraft:dirt":103,"minecraft:wooden_axe":39,"minecraft:cooked_beef":2,"minecraft:brown_bed":1,"minecraft:wheat_seeds":55,"minecraft:cooked_mutton":6,"minecraft:water_bucket":2,"minecraft:polished_andesite":4,"minecraft:spruce_sign":2,"minecraft:crafting_table":4,"minecraft:white_bed":1,"minecraft:iron_pickaxe":45,"minecraft:stone_slab":1,"minecraft:cobblestone":36,"travelersbackpack:standard":17,"minecraft:cooked_porkchop":2,"minecraft:bucket":22,"minecraft:yellow_bed":3,"alexsmobs:animal_dictionary":6},"minecraft:mined":{"minecraft:spruce_planks":1,"minecraft:carved_pumpkin":2,"minecraft:grass_block":46,"minecraft:stone_brick_wall":4,"minecraft:coal_block":8,"minecraft:oxeye_daisy":1,"minecraft:spawner":6,"minecraft:iron_ore":5,"minecraft:dirt_path":1,"minecraft:oak_stairs":3,"minecraft:blue_orchid":1,"minecraft:iron_block":2,"minecraft:spruce_slab":1,"minecraft:tripwire":2,"minecraft:clay":1,"minecraft:torch":4,"minecraft:poppy":1,"minecraft:chest":2,"minecraft:glass":2,"minecraft:cobblestone":11,"minecraft:oak_planks":2,"minecraft:wall_torch":3,"minecraft:skeleton_skull":3,"minecraft:chain":3,"minecraft:wheat":127,"minecraft:grass":112,"minecraft:oak_log":7,"minecraft:beetroots":105,"minecraft:sand":15,"minecraft:dirt":48,"minecraft:potted_red_tulip":1,"minecraft:oak_leaves":16,"luminousworld:groundpebbles_1":2,"iceandfire:silver_ore":1,"gravestone:gravestone":37,"minecraft:weeping_vines":3,"minecraft:redstone_wire":1,"minecraft:spruce_leaves":14,"luminousworld:groundpebbles_3":2,"minecraft:large_fern":9,"minecraft:hay_block":7,"minecraft:carrots":13,"minecraft:nether_sprouts":1,"minecraft:stripped_spruce_log":7,"minecraft:potatoes":5,"minecraft:lantern":2,"minecraft:stone":42,"minecraft:oak_slab":1,"minecraft:light_gray_carpet":1,"minecraft:redstone_block":1,"minecraft:dandelion":1,"minecraft:crafting_table":1,"minecraft:cornflower":3,"minecraft:stone_slab":1,"luminousworld:grassflowers":1,"minecraft:tall_grass":18,"minecraft:coarse_dirt":3,"minecraft:spruce_log":6,"minecraft:birch_leaves":2,"minecraft:yellow_bed":3,"minecraft:coal_ore":11,"minecraft:gravel":2,"minecraft:cobweb":2,"minecraft:stone_bricks":14,"minecraft:polished_andesite":4,"minecraft:fern":10},"minecraft:broken":{"minecraft:leather_leggings":1,"minecraft:stone_pickaxe":1,"minecraft:iron_sword":1,"minecraft:wooden_axe":1,"minecraft:stone_sword":1,"minecraft:wooden_pickaxe":1,"minecraft:shield":1},"minecraft:killed_by":{"iceandfire:cyclops":4,"born_in_chaos_v1:nightmare_stalker":8,"born_in_chaos_v1:bone_imp_minion":2,"minecraft:cave_spider":5,"iceandfire:ice_dragon":3,"minecraft:zombie":9,"minecraft:vex":2,"minecraft:player":1,"born_in_chaos_v1:restless_spirit":1,"minecraft:stray":1,"minecraft:spider":1,"born_in_chaos_v1:decrepit_skeleton":4,"minecraft:skeleton":3,"born_in_chaos_v1:missioner":1,"born_in_chaos_v1:dread_hound":2},"minecraft:killed":{"minecraft:cave_spider":4,"born_in_chaos_v1:restless_spirit":1,"minecraft:spider":2,"born_in_chaos_v1:baby_skeleton_minion":2,"naturalist:snail":2,"minecraft:skeleton":1,"minecraft:chicken":1,"minecraft:pig":2,"minecraft:zombie":7,"born_in_chaos_v1:dread_hound":3,"alexsmobs:terrapin":1,"born_in_chaos_v1:corpse_fly":1,"minecraft:stray":2,"minecraft:cow":1,"alexsmobs:raccoon":1,"born_in_chaos_v1:maggot":5,"naturalist:deer":1,"luminousworld:firefly":1,"born_in_chaos_v1:bone_imp_minion":1,"born_in_chaos_v1:baby_skeleton":1,"born_in_chaos_v1:decrepit_skeleton":8,"alexsmobs:crow":1},"minecraft:picked_up":{"minecraft:wheat":46,"minecraft:flower_pot":2,"minecraft:stone_slab":2,"minecraft:oak_stairs":3,"minecraft:brown_bed":1,"minecraft:string":17,"minecraft:armor_stand":1,"minecraft:beetroot":92,"minecraft:bucket":2,"minecraft:spruce_planks":16,"minecraft:enchanted_golden_apple":1,"minecraft:coal_block":8,"minecraft:stick":33,"minecraft:tipped_arrow":15,"born_in_chaos_v1:shattered_skull":9,"minecraft:torch":47,"minecraft:spruce_stairs":2,"minecraft:porkchop":2,"minecraft:brown_carpet":1,"minecraft:stone_sword":1,"minecraft:rotten_flesh":30,"minecraft:iron_block":2,"minecraft:red_tulip":1,"minecraft:carved_pumpkin":2,"minecraft:cobblestone":53,"minecraft:birch_log":2,"minecraft:feather":2,"minecraft:lilac":1,"minecraft:water_bucket":1,"minecraft:andesite":2,"minecraft:potato":6,"alexsmobs:bison_fur":2,"minecraft:flint":1,"minecraft:lapis_lazuli":3,"minecraft:dirt":114,"minecraft:lantern":5,"born_in_chaos_v1:monster_skin":16,"minecraft:bone":112,"minecraft:wheat_seeds":221,"minecraft:oak_planks":5,"patchouli:guide_book":2,"minecraft:sand":15,"minecraft:stripped_spruce_log":6,"minecraft:dark_oak_log":1,"alexsmobs:animal_dictionary":2,"minecraft:polished_andesite":4,"naturalist:antler":4,"minecraft:diamond":6,"minecraft:bone_meal":68,"minecraft:spruce_sign":6,"minecraft:bread":17,"minecraft:emerald":28,"minecraft:light_gray_carpet":1,"minecraft:oak_sapling":4,"luminousworld:groundpebbles_1":11,"minecraft:coarse_dirt":2,"minecraft:crafting_table":1,"minecraft:chicken":1,"minecraft:clay_ball":4,"naturalist:venison":4,"born_in_chaos_v1:seedof_chaos":3,"minecraft:wooden_pickaxe":3,"minecraft:stone_brick_wall":2,"minecraft:chain":8,"gravestone:obituary":39,"minecraft:cornflower":2,"minecraft:item_frame":2,"minecraft:beef":1,"minecraft:poppy":2,"minecraft:spruce_slab":1,"minecraft:chest":5,"minecraft:raw_iron":3,"born_in_chaos_v1:pieceofdarkmetal":7,"minecraft:carrot":13,"minecraft:arrow":4,"minecraft:weeping_vines":9,"minecraft:beetroot_seeds":466,"minecraft:peony":1,"minecraft:hay_block":41,"minecraft:gold_ingot":1,"minecraft:mutton":4,"minecraft:skeleton_skull":3,"minecraft:oxeye_daisy":2,"minecraft:stripped_oak_log":2,"born_in_chaos_v1:corpse_maggot":1,"born_in_chaos_v1:monster_flesh":3,"minecraft:leather":2,"minecraft:oak_log":31,"minecraft:yellow_bed":4,"minecraft:gunpowder":12,"minecraft:cooked_mutton":6,"minecraft:red_carpet":1,"minecraft:stone_bricks":18,"minecraft:iron_ingot":12,"minecraft:stone_pickaxe":2,"born_in_chaos_v1:spiritual_sword":1,"minecraft:oak_slab":1,"minecraft:sweet_berries":29,"born_in_chaos_v1:ethereal_spirit":11,"minecraft:dandelion":1,"minecraft:gravel":2,"travelersbackpack:blue_sleeping_bag":1,"minecraft:white_bed":1,"minecraft:spruce_log":6,"minecraft:spider_eye":4,"minecraft:slime_ball":1,"iceandfire:silver_sword":1,"minecraft:iron_helmet":1,"minecraft:coal":10,"minecraft:ender_pearl":5},"minecraft:crafted":{"minecraft:oak_planks":44,"naturalist:cooked_venison":4,"minecraft:cooked_mutton":5,"minecraft:glass":13,"minecraft:bow":1,"minecraft:chest":2,"minecraft:cooked_porkchop":2,"minecraft:crafting_table":3,"minecraft:spruce_planks":48,"minecraft:wooden_pickaxe":1,"travelersbackpack:standard":1,"minecraft:red_wool":2,"travelersbackpack:blue_sleeping_bag":1,"minecraft:birch_planks":4,"travelersbackpack:red_sleeping_bag":1,"minecraft:shield":2,"minecraft:stick":8,"minecraft:iron_ingot":29,"minecraft:bone_meal":66,"minecraft:flint_and_steel":1,"minecraft:iron_axe":1,"minecraft:wheat":63,"minecraft:cooked_beef":9,"minecraft:red_dye":2,"travelersbackpack:backpack_tank":2,"minecraft:bucket":1,"minecraft:bread":34,"minecraft:blue_dye":2,"minecraft:white_wool":6,"minecraft:wooden_axe":1,"minecraft:blue_wool":2,"minecraft:torch":16},"minecraft:dropped":{"minecraft:spruce_sign":4,"naturalist:antler":4,"minecraft:oak_log":15,"minecraft:weeping_vines":7,"minecraft:lantern":5,"minecraft:leather":4,"travelersbackpack:blue_sleeping_bag":1,"born_in_chaos_v1:pieceofdarkmetal":11,"minecraft:item_frame":2,"born_in_chaos_v1:monster_flesh":2,"minecraft:dirt":5,"born_in_chaos_v1:monster_skin":10,"minecraft:chain":11,"gravestone:obituary":71,"minecraft:bone_meal":4,"minecraft:bone":3,"minecraft:wheat":2,"born_in_chaos_v1:ethereal_spirit":5,"minecraft:beetroot":8,"minecraft:rotten_flesh":63,"born_in_chaos_v1:smoked_flesh":6,"minecraft:oak_planks":11,"born_in_chaos_v1:seedof_chaos":6,"minecraft:gunpowder":2,"minecraft:skeleton_skull":1,"minecraft:beetroot_seeds":466,"minecraft:stone_brick_wall":1,"minecraft:chest":1,"minecraft:spruce_slab":1,"minecraft:iron_ingot":4,"minecraft:oak_slab":1,"minecraft:wheat_seeds":219,"minecraft:feather":1,"minecraft:book":2,"minecraft:spruce_stairs":2,"minecraft:coal":2,"minecraft:oxeye_daisy":1,"minecraft:torch":2,"minecraft:oak_stairs":3,"minecraft:string":8,"minecraft:dandelion":1,"minecraft:clay_ball":4,"minecraft:stripped_oak_log":2,"minecraft:stone_slab":2,"minecraft:flower_pot":2,"minecraft:spruce_planks":1,"luminousworld:groundpebbles_1":17,"minecraft:oak_sapling":4,"minecraft:spider_eye":11,"minecraft:stone_bricks":9,"minecraft:brown_carpet":1,"minecraft:slime_ball":1,"minecraft:stone_pickaxe":1,"minecraft:wooden_pickaxe":2,"minecraft:red_tulip":1},"minecraft:custom":{"minecraft:interact_with_crafting_table":41,"minecraft:open_barrel":18,"minecraft:leave_game":7,"minecraft:time_since_death":37988,"minecraft:sprint_one_cm":566587,"minecraft:damage_blocked_by_shield":1904,"minecraft:drop":758,"minecraft:play_time":291145,"minecraft:deaths":51,"minecraft:jump":5570,"minecraft:interact_with_brewingstand":2,"minecraft:walk_on_water_one_cm":38480,"minecraft:interact_with_furnace":26,"minecraft:sleep_in_bed":10,"minecraft:waystone_activated":2,"minecraft:damage_dealt":12596,"minecraft:crouch_one_cm":2075,"minecraft:interact_with_smoker":16,"minecraft:interact_with_smithing_table":1,"minecraft:mob_kills":57,"minecraft:damage_dealt_resisted":811,"minecraft:climb_one_cm":6544,"minecraft:walk_one_cm":1068951,"minecraft:sneak_time":834,"minecraft:walk_under_water_one_cm":35068,"minecraft:interact_with_blast_furnace":3,"minecraft:total_world_time":291145,"minecraft:interact_with_grindstone":1,"minecraft:time_since_rest":9209,"minecraft:damage_taken":15376,"minecraft:swim_one_cm":33777,"minecraft:fly_one_cm":704432,"minecraft:open_chest":147,"minecraft:fall_one_cm":155908}},"DataVersion":3465}