{"stats":{"minecraft:killed_by":{"minecraft:skeleton":1},"minecraft:broken":{"minecraft:wooden_axe":1},"minecraft:picked_up":{"minecraft:feather":1,"minecraft:chicken":1,"born_in_chaos_v1:monster_flesh":2,"minecraft:porkchop":1,"minecraft:spruce_log":6,"minecraft:dirt":8,"minecraft:stone_sword":1,"minecraft:bone":1,"minecraft:beef":1,"minecraft:coal":9,"minecraft:cobblestone":17},"minecraft:killed":{"luminousworld:firefly":1,"minecraft:zombie":1,"minecraft:pig":1,"born_in_chaos_v1:dread_hound":2,"minecraft:chicken":1,"born_in_chaos_v1:baby_skeleton":1,"minecraft:cow":1},"minecraft:used":{"minecraft:wooden_axe":39,"minecraft:stone_sword":32,"minecraft:wooden_pickaxe":29,"minecraft:dirt":6,"alexsmobs:animal_dictionary":6},"minecraft:mined":{"minecraft:large_fern":5,"minecraft:spruce_log":6,"gravestone:gravestone":1,"minecraft:grass_block":4,"minecraft:coal_ore":11,"minecraft:dirt":6,"minecraft:spruce_leaves":8,"minecraft:stone":18,"minecraft:fern":3},"minecraft:custom":{"minecraft:time_since_rest":5678,"minecraft:sprint_one_cm":14584,"minecraft:damage_taken":460,"minecraft:walk_one_cm":80505,"minecraft:mob_kills":8,"minecraft:damage_dealt":1164,"minecraft:interact_with_crafting_table":3,"minecraft:fly_one_cm":9762,"minecraft:crouch_one_cm":204,"minecraft:play_time":15816,"minecraft:deaths":1,"minecraft:sneak_time":26,"minecraft:jump":267,"minecraft:leave_game":3,"minecraft:time_since_death":5641,"minecraft:total_world_time":15816,"minecraft:fall_one_cm":5238},"minecraft:crafted":{"minecraft:stick":4,"minecraft:spruce_planks":24,"minecraft:wooden_pickaxe":1,"minecraft:wooden_axe":1}},"DataVersion":3465}