{"stats":{"minecraft:killed_by":{"born_in_chaos_v1:restless_spirit":1,"minecraft:skeleton":1},"minecraft:broken":{"minecraft:stone_pickaxe":1,"minecraft:stone_sword":1,"minecraft:wooden_axe":1,"minecraft:wooden_pickaxe":1},"minecraft:dropped":{"minecraft:wheat_seeds":80,"minecraft:wheat":2,"minecraft:rotten_flesh":3,"born_in_chaos_v1:smoked_flesh":6,"minecraft:lantern":4,"minecraft:coal":2,"minecraft:item_frame":2,"minecraft:beetroot_seeds":5,"minecraft:stone_brick_wall":1,"minecraft:oak_sapling":2,"minecraft:oak_stairs":3,"minecraft:spider_eye":1,"minecraft:stone_bricks":5,"minecraft:spruce_slab":1},"minecraft:picked_up":{"luminousworld:groundpebbles_1":2,"minecraft:wheat":28,"minecraft:feather":1,"minecraft:lilac":1,"born_in_chaos_v1:monster_flesh":2,"minecraft:chicken":1,"naturalist:venison":4,"minecraft:potato":6,"minecraft:oak_stairs":3,"minecraft:stone_brick_wall":2,"minecraft:yellow_bed":1,"minecraft:oak_log":11,"minecraft:chain":2,"minecraft:lapis_lazuli":1,"minecraft:string":2,"minecraft:dirt":20,"minecraft:lantern":4,"minecraft:item_frame":2,"minecraft:cooked_mutton":6,"minecraft:bone":5,"minecraft:beetroot":1,"minecraft:stone_bricks":14,"minecraft:wheat_seeds":81,"minecraft:bucket":1,"minecraft:spruce_planks":1,"minecraft:beef":1,"minecraft:iron_ingot":1,"minecraft:stone_pickaxe":1,"minecraft:poppy":1,"minecraft:spruce_slab":1,"minecraft:coal_block":8,"minecraft:stick":2,"born_in_chaos_v1:ethereal_spirit":1,"minecraft:porkchop":2,"minecraft:stripped_spruce_log":6,"minecraft:carrot":13,"minecraft:spruce_log":6,"minecraft:spider_eye":1,"minecraft:arrow":1,"minecraft:polished_andesite":4,"minecraft:stone_sword":1,"minecraft:rotten_flesh":3,"naturalist:antler":2,"minecraft:beetroot_seeds":5,"minecraft:peony":1,"minecraft:hay_block":7,"minecraft:gold_ingot":1,"minecraft:oak_sapling":2,"minecraft:coal":10,"minecraft:skeleton_skull":1,"minecraft:cobblestone":17},"minecraft:killed":{"luminousworld:firefly":1,"minecraft:pig":2,"born_in_chaos_v1:restless_spirit":1,"born_in_chaos_v1:baby_skeleton":1,"born_in_chaos_v1:decrepit_skeleton":1,"naturalist:snail":1,"minecraft:skeleton":1,"naturalist:deer":1,"minecraft:zombie":1,"born_in_chaos_v1:dread_hound":2,"minecraft:chicken":1,"minecraft:cow":1},"minecraft:mined":{"luminousworld:groundpebbles_1":2,"minecraft:oak_slab":1,"minecraft:spruce_planks":1,"minecraft:redstone_block":1,"minecraft:dandelion":1,"gravestone:gravestone":2,"minecraft:grass_block":12,"minecraft:stone_brick_wall":4,"minecraft:coal_block":8,"minecraft:tall_grass":4,"minecraft:spruce_leaves":14,"minecraft:skeleton_skull":1,"minecraft:large_fern":5,"minecraft:hay_block":7,"minecraft:chain":2,"minecraft:carrots":13,"minecraft:wheat":30,"minecraft:spruce_log":6,"minecraft:birch_leaves":1,"minecraft:stripped_spruce_log":7,"minecraft:yellow_bed":1,"minecraft:grass":14,"minecraft:coal_ore":11,"minecraft:potatoes":5,"minecraft:oak_log":6,"minecraft:beetroots":2,"minecraft:oak_stairs":3,"minecraft:lantern":2,"minecraft:dirt":11,"minecraft:polished_andesite":4,"minecraft:stone":18,"minecraft:stone_bricks":14,"minecraft:fern":3,"minecraft:oak_leaves":10,"minecraft:spruce_slab":1},"minecraft:used":{"minecraft:beetroot":1,"minecraft:cooked_mutton":4,"minecraft:stone_sword":136,"minecraft:polished_andesite":4,"minecraft:stone_pickaxe":68,"minecraft:shield":2,"minecraft:spruce_planks":17,"minecraft:wooden_pickaxe":53,"minecraft:iron_sword":45,"minecraft:dirt":20,"minecraft:crafting_table":1,"minecraft:stone_brick_wall":1,"minecraft:wooden_axe":39,"minecraft:cooked_porkchop":2,"minecraft:bucket":1,"alexsmobs:animal_dictionary":6,"minecraft:cooked_beef":2},"minecraft:custom":{"minecraft:interact_with_furnace":8,"minecraft:mob_kills":15,"minecraft:interact_with_crafting_table":13,"minecraft:open_barrel":12,"minecraft:damage_dealt_resisted":568,"minecraft:leave_game":4,"minecraft:time_since_death":30888,"minecraft:sleep_in_bed":1,"minecraft:climb_one_cm":3687,"minecraft:time_since_rest":7714,"minecraft:sprint_one_cm":77100,"minecraft:damage_taken":1289,"minecraft:walk_one_cm":233600,"minecraft:damage_blocked_by_shield":60,"minecraft:drop":22,"minecraft:damage_dealt":2674,"minecraft:fly_one_cm":67729,"minecraft:open_chest":14,"minecraft:crouch_one_cm":914,"minecraft:play_time":63190,"minecraft:deaths":2,"minecraft:sneak_time":346,"minecraft:walk_under_water_one_cm":14349,"minecraft:jump":965,"minecraft:walk_on_water_one_cm":23137,"minecraft:total_world_time":63190,"minecraft:interact_with_smoker":5,"minecraft:fall_one_cm":26342},"minecraft:crafted":{"minecraft:cooked_beef":2,"minecraft:oak_planks":24,"minecraft:cooked_porkchop":2,"minecraft:crafting_table":1,"minecraft:spruce_planks":48,"minecraft:wooden_pickaxe":1,"minecraft:bone_meal":66,"minecraft:bread":31,"minecraft:shield":1,"minecraft:stick":4,"minecraft:wooden_axe":1,"minecraft:torch":16,"minecraft:wheat":63}},"DataVersion":3465}