{"stats":{"minecraft:killed_by":{"minecraft:skeleton":1},"minecraft:broken":{"minecraft:wooden_axe":1},"minecraft:picked_up":{"minecraft:stone_sword":1,"minecraft:chicken":1,"minecraft:feather":1,"minecraft:bone":1,"minecraft:spruce_log":6,"minecraft:dirt":8,"minecraft:cobblestone":1},"minecraft:killed":{"luminousworld:firefly":1,"minecraft:zombie":1,"minecraft:chicken":1,"born_in_chaos_v1:baby_skeleton":1},"minecraft:used":{"minecraft:wooden_axe":39,"minecraft:stone_sword":8,"minecraft:dirt":6,"alexsmobs:animal_dictionary":6},"minecraft:mined":{"minecraft:large_fern":5,"minecraft:grass_block":4,"minecraft:dirt":6,"minecraft:spruce_leaves":8,"minecraft:spruce_log":6,"minecraft:fern":3},"minecraft:custom":{"minecraft:time_since_rest":443,"minecraft:deaths":1,"minecraft:sprint_one_cm":4462,"minecraft:crouch_one_cm":204,"minecraft:play_time":10581,"minecraft:damage_taken":355,"minecraft:walk_one_cm":54207,"minecraft:sneak_time":26,"minecraft:mob_kills":4,"minecraft:jump":150,"minecraft:damage_dealt":659,"minecraft:time_since_death":406,"minecraft:leave_game":2,"minecraft:total_world_time":10581,"minecraft:interact_with_crafting_table":3,"minecraft:fall_one_cm":4015,"minecraft:fly_one_cm":3530},"minecraft:crafted":{"minecraft:spruce_planks":24,"minecraft:stick":4,"minecraft:wooden_pickaxe":1,"minecraft:wooden_axe":1}},"DataVersion":3465}