{"stats":{"minecraft:killed_by":{"minecraft:skeleton":1},"minecraft:broken":{"minecraft:wooden_axe":1},"minecraft:dropped":{"minecraft:item_frame":2},"minecraft:picked_up":{"luminousworld:groundpebbles_1":2,"minecraft:feather":1,"minecraft:chicken":1,"born_in_chaos_v1:monster_flesh":2,"naturalist:venison":4,"minecraft:stone_brick_wall":1,"minecraft:porkchop":2,"minecraft:spruce_log":6,"minecraft:lapis_lazuli":1,"minecraft:dirt":8,"minecraft:item_frame":2,"minecraft:cooked_mutton":6,"minecraft:stone_sword":1,"minecraft:bone":1,"naturalist:antler":2,"minecraft:stone_bricks":7,"minecraft:peony":1,"minecraft:wheat_seeds":1,"minecraft:iron_ingot":1,"minecraft:beef":1,"minecraft:gold_ingot":1,"minecraft:coal":9,"minecraft:cobblestone":17},"minecraft:killed":{"naturalist:deer":1,"luminousworld:firefly":1,"minecraft:zombie":1,"minecraft:pig":2,"born_in_chaos_v1:dread_hound":2,"minecraft:chicken":1,"born_in_chaos_v1:baby_skeleton":1,"minecraft:cow":1,"naturalist:snail":1},"minecraft:used":{"minecraft:wooden_axe":39,"minecraft:stone_sword":57,"minecraft:spruce_planks":9,"minecraft:wooden_pickaxe":44,"minecraft:dirt":6,"minecraft:cooked_porkchop":1,"alexsmobs:animal_dictionary":6,"minecraft:cooked_beef":2},"minecraft:mined":{"minecraft:large_fern":5,"luminousworld:groundpebbles_1":2,"minecraft:redstone_block":1,"minecraft:spruce_log":6,"minecraft:birch_leaves":1,"gravestone:gravestone":1,"minecraft:grass":9,"minecraft:stone_brick_wall":2,"minecraft:grass_block":4,"minecraft:coal_ore":11,"minecraft:dirt":6,"minecraft:tall_grass":2,"minecraft:stone_bricks":7,"minecraft:spruce_leaves":8,"minecraft:stone":18,"minecraft:oak_leaves":1,"minecraft:fern":3},"minecraft:custom":{"minecraft:time_since_rest":17678,"minecraft:interact_with_furnace":7,"minecraft:sprint_one_cm":37062,"minecraft:damage_taken":640,"minecraft:walk_one_cm":132817,"minecraft:mob_kills":12,"minecraft:drop":1,"minecraft:damage_dealt":1421,"minecraft:interact_with_crafting_table":3,"minecraft:fly_one_cm":37323,"minecraft:open_barrel":3,"minecraft:open_chest":1,"minecraft:crouch_one_cm":850,"minecraft:play_time":27816,"minecraft:deaths":1,"minecraft:sneak_time":298,"minecraft:jump":526,"minecraft:walk_on_water_one_cm":822,"minecraft:leave_game":3,"minecraft:time_since_death":17641,"minecraft:climb_one_cm":2903,"minecraft:interact_with_smoker":5,"minecraft:total_world_time":27816,"minecraft:fall_one_cm":14086},"minecraft:crafted":{"minecraft:cooked_beef":2,"minecraft:cooked_porkchop":2,"minecraft:stick":4,"minecraft:spruce_planks":24,"minecraft:wooden_pickaxe":1,"minecraft:wooden_axe":1}},"DataVersion":3465}