{"stats":{"minecraft:killed_by":{"born_in_chaos_v1:restless_spirit":1,"minecraft:skeleton":1},"minecraft:broken":{"minecraft:stone_sword":1,"minecraft:wooden_axe":1,"minecraft:wooden_pickaxe":1},"minecraft:dropped":{"minecraft:item_frame":2,"minecraft:oak_sapling":2},"minecraft:picked_up":{"luminousworld:groundpebbles_1":2,"minecraft:feather":1,"minecraft:lilac":1,"minecraft:chicken":1,"born_in_chaos_v1:monster_flesh":2,"naturalist:venison":4,"minecraft:potato":1,"minecraft:stone_brick_wall":1,"minecraft:oak_log":10,"minecraft:lapis_lazuli":1,"minecraft:dirt":11,"minecraft:cooked_mutton":6,"minecraft:item_frame":2,"minecraft:bone":1,"minecraft:stone_bricks":7,"minecraft:wheat_seeds":1,"minecraft:bucket":1,"minecraft:beef":1,"minecraft:iron_ingot":1,"minecraft:stone_pickaxe":1,"minecraft:poppy":1,"minecraft:stick":2,"born_in_chaos_v1:ethereal_spirit":1,"minecraft:porkchop":2,"minecraft:spruce_log":6,"minecraft:stone_sword":1,"naturalist:antler":2,"minecraft:peony":1,"minecraft:hay_block":7,"minecraft:gold_ingot":1,"minecraft:oak_sapling":2,"minecraft:coal":9,"minecraft:cobblestone":17},"minecraft:killed":{"luminousworld:firefly":1,"minecraft:pig":2,"born_in_chaos_v1:restless_spirit":1,"born_in_chaos_v1:baby_skeleton":1,"naturalist:snail":1,"naturalist:deer":1,"minecraft:zombie":1,"born_in_chaos_v1:dread_hound":2,"minecraft:chicken":1,"minecraft:cow":1},"minecraft:mined":{"luminousworld:groundpebbles_1":2,"minecraft:redstone_block":1,"minecraft:dandelion":1,"gravestone:gravestone":2,"minecraft:grass_block":6,"minecraft:stone_brick_wall":2,"minecraft:tall_grass":4,"minecraft:spruce_leaves":11,"minecraft:large_fern":5,"minecraft:hay_block":7,"minecraft:spruce_log":6,"minecraft:birch_leaves":1,"minecraft:grass":13,"minecraft:oak_log":5,"minecraft:coal_ore":11,"minecraft:dirt":7,"minecraft:stone":18,"minecraft:stone_bricks":7,"minecraft:oak_leaves":9,"minecraft:fern":3},"minecraft:used":{"minecraft:cooked_mutton":1,"minecraft:stone_sword":136,"minecraft:stone_pickaxe":34,"minecraft:spruce_planks":9,"minecraft:wooden_pickaxe":53,"minecraft:dirt":11,"minecraft:stone_brick_wall":1,"minecraft:wooden_axe":39,"minecraft:cooked_porkchop":2,"alexsmobs:animal_dictionary":6,"minecraft:cooked_beef":2},"minecraft:custom":{"minecraft:interact_with_furnace":7,"minecraft:mob_kills":13,"minecraft:interact_with_crafting_table":3,"minecraft:open_barrel":5,"minecraft:damage_dealt_resisted":568,"minecraft:leave_game":3,"minecraft:time_since_death":7514,"minecraft:climb_one_cm":2903,"minecraft:time_since_rest":7545,"minecraft:sprint_one_cm":56092,"minecraft:damage_taken":1085,"minecraft:walk_one_cm":156607,"minecraft:drop":3,"minecraft:damage_dealt":1854,"minecraft:fly_one_cm":60033,"minecraft:open_chest":4,"minecraft:crouch_one_cm":850,"minecraft:play_time":39816,"minecraft:deaths":2,"minecraft:sneak_time":310,"minecraft:walk_under_water_one_cm":7717,"minecraft:jump":720,"minecraft:walk_on_water_one_cm":4163,"minecraft:total_world_time":39816,"minecraft:interact_with_smoker":5,"minecraft:fall_one_cm":22956},"minecraft:crafted":{"minecraft:cooked_beef":2,"minecraft:oak_planks":20,"minecraft:cooked_porkchop":2,"minecraft:spruce_planks":24,"minecraft:wooden_pickaxe":1,"minecraft:stick":4,"minecraft:wooden_axe":1,"minecraft:wheat":63}},"DataVersion":3465}